Ad Group,Keyword,Criterion Type
"What happens if HOA fines go unpaid in California?","What happens if HOA fines go unpaid in California?",Exact
"What happens if HOA fines go unpaid in California?","What happens if HOA fines go unpaid in California?",Phrase
"What happens if HOA fines go unpaid in California?","What happens if HOA fines go unpaid in California",Exact
"What happens if HOA fines go unpaid in California?","What happens if HOA fines go unpaid in California",Phrase
"What happens if HOA fines go unpaid in California?","what happens if hoa fines go unpaid california",Exact
"What happens if HOA fines go unpaid in California?","what happens if hoa fines go unpaid california",Phrase
"What happens if HOA fines go unpaid in California?","what happens if hoa fines go unpaid california California",Exact
"What happens if HOA fines go unpaid in California?","what happens if hoa fines go unpaid california California",Phrase
"Can an HOA place a lien on your home in CA?","Can an HOA place a lien on your home in CA?",Exact
"Can an HOA place a lien on your home in CA?","Can an HOA place a lien on your home in CA?",Phrase
"Can an HOA place a lien on your home in CA?","Can an HOA place a lien on your home in CA",Exact
"Can an HOA place a lien on your home in CA?","Can an HOA place a lien on your home in CA",Phrase
"Can an HOA place a lien on your home in CA?","hoa lien process california",Exact
"Can an HOA place a lien on your home in CA?","hoa lien process california",Phrase
"Can an HOA place a lien on your home in CA?","hoa lien process california California",Exact
"Can an HOA place a lien on your home in CA?","hoa lien process california California",Phrase
"How long before HOA can foreclose in California?","How long before HOA can foreclose in California?",Exact
"How long before HOA can foreclose in California?","How long before HOA can foreclose in California?",Phrase
"How long before HOA can foreclose in California?","How long before HOA can foreclose in California",Exact
"How long before HOA can foreclose in California?","How long before HOA can foreclose in California",Phrase
"How long before HOA can foreclose in California?","hoa foreclosure timeline california",Exact
"How long before HOA can foreclose in California?","hoa foreclosure timeline california",Phrase
"How long before HOA can foreclose in California?","hoa foreclosure timeline california California",Exact
"How long before HOA can foreclose in California?","hoa foreclosure timeline california California",Phrase
"Can HOA increase dues without homeowner approval?","Can HOA increase dues without homeowner approval?",Exact
"Can HOA increase dues without homeowner approval?","Can HOA increase dues without homeowner approval?",Phrase
"Can HOA increase dues without homeowner approval?","Can HOA increase dues without homeowner approval",Exact
"Can HOA increase dues without homeowner approval?","Can HOA increase dues without homeowner approval",Phrase
"Can HOA increase dues without homeowner approval?","can hoa increase dues without homeowner approval",Exact
"Can HOA increase dues without homeowner approval?","can hoa increase dues without homeowner approval",Phrase
"Can HOA increase dues without homeowner approval?","can hoa increase dues without homeowner approval California",Exact
"Can HOA increase dues without homeowner approval?","can hoa increase dues without homeowner approval California",Phrase
"What is an HOA special assessment?","What is an HOA special assessment?",Exact
"What is an HOA special assessment?","What is an HOA special assessment?",Phrase
"What is an HOA special assessment?","What is an HOA special assessment",Exact
"What is an HOA special assessment?","What is an HOA special assessment",Phrase
"What is an HOA special assessment?","what is an hoa special assessment",Exact
"What is an HOA special assessment?","what is an hoa special assessment",Phrase
"What is an HOA special assessment?","what is an hoa special assessment California",Exact
"What is an HOA special assessment?","what is an hoa special assessment California",Phrase
"Can HOA deny exterior changes?","Can HOA deny exterior changes?",Exact
"Can HOA deny exterior changes?","Can HOA deny exterior changes?",Phrase
"Can HOA deny exterior changes?","Can HOA deny exterior changes",Exact
"Can HOA deny exterior changes?","Can HOA deny exterior changes",Phrase
"Can HOA deny exterior changes?","can hoa deny exterior changes",Exact
"Can HOA deny exterior changes?","can hoa deny exterior changes",Phrase
"Can HOA deny exterior changes?","can hoa deny exterior changes California",Exact
"Can HOA deny exterior changes?","can hoa deny exterior changes California",Phrase
"Can HOA restrict rentals in California?","Can HOA restrict rentals in California?",Exact
"Can HOA restrict rentals in California?","Can HOA restrict rentals in California?",Phrase
"Can HOA restrict rentals in California?","Can HOA restrict rentals in California",Exact
"Can HOA restrict rentals in California?","Can HOA restrict rentals in California",Phrase
"Can HOA restrict rentals in California?","can hoa restrict rentals in california",Exact
"Can HOA restrict rentals in California?","can hoa restrict rentals in california",Phrase
"Can HOA restrict rentals in California?","can hoa restrict rentals in california California",Exact
"Can HOA restrict rentals in California?","can hoa restrict rentals in california California",Phrase
"What happens if you ignore HOA violation notices?","What happens if you ignore HOA violation notices?",Exact
"What happens if you ignore HOA violation notices?","What happens if you ignore HOA violation notices?",Phrase
"What happens if you ignore HOA violation notices?","What happens if you ignore HOA violation notices",Exact
"What happens if you ignore HOA violation notices?","What happens if you ignore HOA violation notices",Phrase
"What happens if you ignore HOA violation notices?","what happens if you ignore hoa violation notices",Exact
"What happens if you ignore HOA violation notices?","what happens if you ignore hoa violation notices",Phrase
"What happens if you ignore HOA violation notices?","what happens if you ignore hoa violation notices California",Exact
"What happens if you ignore HOA violation notices?","what happens if you ignore hoa violation notices California",Phrase
"Can HOA tow your car from your driveway?","Can HOA tow your car from your driveway?",Exact
"Can HOA tow your car from your driveway?","Can HOA tow your car from your driveway?",Phrase
"Can HOA tow your car from your driveway?","Can HOA tow your car from your driveway",Exact
"Can HOA tow your car from your driveway?","Can HOA tow your car from your driveway",Phrase
"Can HOA tow your car from your driveway?","can hoa tow your car from your driveway",Exact
"Can HOA tow your car from your driveway?","can hoa tow your car from your driveway",Phrase
"Can HOA tow your car from your driveway?","can hoa tow your car from your driveway California",Exact
"Can HOA tow your car from your driveway?","can hoa tow your car from your driveway California",Phrase
"HOA dispute process explained","HOA dispute process explained",Exact
"HOA dispute process explained","HOA dispute process explained",Phrase
"HOA dispute process explained","HOA dispute process explained",Exact
"HOA dispute process explained","HOA dispute process explained",Phrase
"HOA dispute process explained","hoa dispute process explained",Exact
"HOA dispute process explained","hoa dispute process explained",Phrase
"HOA dispute process explained","hoa dispute process explained California",Exact
"HOA dispute process explained","hoa dispute process explained California",Phrase
"Can HOA fine without notice?","Can HOA fine without notice?",Exact
"Can HOA fine without notice?","Can HOA fine without notice?",Phrase
"Can HOA fine without notice?","Can HOA fine without notice",Exact
"Can HOA fine without notice?","Can HOA fine without notice",Phrase
"Can HOA fine without notice?","can hoa fine without notice",Exact
"Can HOA fine without notice?","can hoa fine without notice",Phrase
"Can HOA fine without notice?","can hoa fine without notice California",Exact
"Can HOA fine without notice?","can hoa fine without notice California",Phrase
"What rights do homeowners have against HOA?","What rights do homeowners have against HOA?",Exact
"What rights do homeowners have against HOA?","What rights do homeowners have against HOA?",Phrase
"What rights do homeowners have against HOA?","What rights do homeowners have against HOA",Exact
"What rights do homeowners have against HOA?","What rights do homeowners have against HOA",Phrase
"What rights do homeowners have against HOA?","what rights do homeowners have against hoa",Exact
"What rights do homeowners have against HOA?","what rights do homeowners have against hoa",Phrase
"What rights do homeowners have against HOA?","what rights do homeowners have against hoa California",Exact
"What rights do homeowners have against HOA?","what rights do homeowners have against hoa California",Phrase
"How HOA collections work","How HOA collections work",Exact
"How HOA collections work","How HOA collections work",Phrase
"How HOA collections work","How HOA collections work",Exact
"How HOA collections work","How HOA collections work",Phrase
"How HOA collections work","how hoa collections work",Exact
"How HOA collections work","how hoa collections work",Phrase
"How HOA collections work","how hoa collections work California",Exact
"How HOA collections work","how hoa collections work California",Phrase
"What happens after HOA sends a demand letter?","What happens after HOA sends a demand letter?",Exact
"What happens after HOA sends a demand letter?","What happens after HOA sends a demand letter?",Phrase
"What happens after HOA sends a demand letter?","What happens after HOA sends a demand letter",Exact
"What happens after HOA sends a demand letter?","What happens after HOA sends a demand letter",Phrase
"What happens after HOA sends a demand letter?","what happens after hoa sends a demand letter",Exact
"What happens after HOA sends a demand letter?","what happens after hoa sends a demand letter",Phrase
"What happens after HOA sends a demand letter?","what happens after hoa sends a demand letter California",Exact
"What happens after HOA sends a demand letter?","what happens after hoa sends a demand letter California",Phrase
"Can HOA charge late fees?","Can HOA charge late fees?",Exact
"Can HOA charge late fees?","Can HOA charge late fees?",Phrase
"Can HOA charge late fees?","Can HOA charge late fees",Exact
"Can HOA charge late fees?","Can HOA charge late fees",Phrase
"Can HOA charge late fees?","can hoa charge late fees",Exact
"Can HOA charge late fees?","can hoa charge late fees",Phrase
"Can HOA charge late fees?","can hoa charge late fees California",Exact
"Can HOA charge late fees?","can hoa charge late fees California",Phrase
"HOA vs homeowner insurance responsibility","HOA vs homeowner insurance responsibility",Exact
"HOA vs homeowner insurance responsibility","HOA vs homeowner insurance responsibility",Phrase
"HOA vs homeowner insurance responsibility","HOA vs homeowner insurance responsibility",Exact
"HOA vs homeowner insurance responsibility","HOA vs homeowner insurance responsibility",Phrase
"HOA vs homeowner insurance responsibility","hoa vs homeowner insurance responsibility",Exact
"HOA vs homeowner insurance responsibility","hoa vs homeowner insurance responsibility",Phrase
"HOA vs homeowner insurance responsibility","hoa vs homeowner insurance responsibility California",Exact
"HOA vs homeowner insurance responsibility","hoa vs homeowner insurance responsibility California",Phrase
"What documents govern HOA authority?","What documents govern HOA authority?",Exact
"What documents govern HOA authority?","What documents govern HOA authority?",Phrase
"What documents govern HOA authority?","What documents govern HOA authority",Exact
"What documents govern HOA authority?","What documents govern HOA authority",Phrase
"What documents govern HOA authority?","what documents govern hoa authority",Exact
"What documents govern HOA authority?","what documents govern hoa authority",Phrase
"What documents govern HOA authority?","what documents govern hoa authority California",Exact
"What documents govern HOA authority?","what documents govern hoa authority California",Phrase
"Can HOA foreclose for unpaid dues?","Can HOA foreclose for unpaid dues?",Exact
"Can HOA foreclose for unpaid dues?","Can HOA foreclose for unpaid dues?",Phrase
"Can HOA foreclose for unpaid dues?","Can HOA foreclose for unpaid dues",Exact
"Can HOA foreclose for unpaid dues?","Can HOA foreclose for unpaid dues",Phrase
"Can HOA foreclose for unpaid dues?","can hoa foreclose for unpaid dues",Exact
"Can HOA foreclose for unpaid dues?","can hoa foreclose for unpaid dues",Phrase
"Can HOA foreclose for unpaid dues?","can hoa foreclose for unpaid dues California",Exact
"Can HOA foreclose for unpaid dues?","can hoa foreclose for unpaid dues California",Phrase
"How to request HOA records","How to request HOA records",Exact
"How to request HOA records","How to request HOA records",Phrase
"How to request HOA records","How to request HOA records",Exact
"How to request HOA records","How to request HOA records",Phrase
"How to request HOA records","how to request hoa records",Exact
"How to request HOA records","how to request hoa records",Phrase
"How to request HOA records","how to request hoa records California",Exact
"How to request HOA records","how to request hoa records California",Phrase
"HOA election and board powers explained","HOA election and board powers explained",Exact
"HOA election and board powers explained","HOA election and board powers explained",Phrase
"HOA election and board powers explained","HOA election and board powers explained",Exact
"HOA election and board powers explained","HOA election and board powers explained",Phrase
"HOA election and board powers explained","hoa election and board powers explained",Exact
"HOA election and board powers explained","hoa election and board powers explained",Phrase
"HOA election and board powers explained","hoa election and board powers explained California",Exact
"HOA election and board powers explained","hoa election and board powers explained California",Phrase
"Why was my homeowners insurance claim denied?","Why was my homeowners insurance claim denied?",Exact
"Why was my homeowners insurance claim denied?","Why was my homeowners insurance claim denied?",Phrase
"Why was my homeowners insurance claim denied?","Why was my homeowners insurance claim denied",Exact
"Why was my homeowners insurance claim denied?","Why was my homeowners insurance claim denied",Phrase
"Why was my homeowners insurance claim denied?","homeowners insurance claim denied",Exact
"Why was my homeowners insurance claim denied?","homeowners insurance claim denied",Phrase
"Why was my homeowners insurance claim denied?","homeowners insurance claim denied California",Exact
"Why was my homeowners insurance claim denied?","homeowners insurance claim denied California",Phrase
"What happens after filing a homeowners claim?","What happens after filing a homeowners claim?",Exact
"What happens after filing a homeowners claim?","What happens after filing a homeowners claim?",Phrase
"What happens after filing a homeowners claim?","What happens after filing a homeowners claim",Exact
"What happens after filing a homeowners claim?","What happens after filing a homeowners claim",Phrase
"What happens after filing a homeowners claim?","what happens after filing a homeowners claim",Exact
"What happens after filing a homeowners claim?","what happens after filing a homeowners claim",Phrase
"What happens after filing a homeowners claim?","what happens after filing a homeowners claim California",Exact
"What happens after filing a homeowners claim?","what happens after filing a homeowners claim California",Phrase
"How long does an insurance investigation take?","How long does an insurance investigation take?",Exact
"How long does an insurance investigation take?","How long does an insurance investigation take?",Phrase
"How long does an insurance investigation take?","How long does an insurance investigation take",Exact
"How long does an insurance investigation take?","How long does an insurance investigation take",Phrase
"How long does an insurance investigation take?","insurance adjuster investigation timeline",Exact
"How long does an insurance investigation take?","insurance adjuster investigation timeline",Phrase
"How long does an insurance investigation take?","insurance adjuster investigation timeline California",Exact
"How long does an insurance investigation take?","insurance adjuster investigation timeline California",Phrase
"What does an insurance adjuster do?","What does an insurance adjuster do?",Exact
"What does an insurance adjuster do?","What does an insurance adjuster do?",Phrase
"What does an insurance adjuster do?","What does an insurance adjuster do",Exact
"What does an insurance adjuster do?","What does an insurance adjuster do",Phrase
"What does an insurance adjuster do?","what does an insurance adjuster do",Exact
"What does an insurance adjuster do?","what does an insurance adjuster do",Phrase
"What does an insurance adjuster do?","what does an insurance adjuster do California",Exact
"What does an insurance adjuster do?","what does an insurance adjuster do California",Phrase
"Replacement cost vs actual cash value","Replacement cost vs actual cash value",Exact
"Replacement cost vs actual cash value","Replacement cost vs actual cash value",Phrase
"Replacement cost vs actual cash value","Replacement cost vs actual cash value",Exact
"Replacement cost vs actual cash value","Replacement cost vs actual cash value",Phrase
"Replacement cost vs actual cash value","replacement cost vs actual cash value",Exact
"Replacement cost vs actual cash value","replacement cost vs actual cash value",Phrase
"Replacement cost vs actual cash value","replacement cost vs actual cash value California",Exact
"Replacement cost vs actual cash value","replacement cost vs actual cash value California",Phrase
"Does filing a claim raise premiums?","Does filing a claim raise premiums?",Exact
"Does filing a claim raise premiums?","Does filing a claim raise premiums?",Phrase
"Does filing a claim raise premiums?","Does filing a claim raise premiums",Exact
"Does filing a claim raise premiums?","Does filing a claim raise premiums",Phrase
"Does filing a claim raise premiums?","does filing a claim raise premiums",Exact
"Does filing a claim raise premiums?","does filing a claim raise premiums",Phrase
"Does filing a claim raise premiums?","does filing a claim raise premiums California",Exact
"Does filing a claim raise premiums?","does filing a claim raise premiums California",Phrase
"What damages are excluded from homeowners insurance?","What damages are excluded from homeowners insurance?",Exact
"What damages are excluded from homeowners insurance?","What damages are excluded from homeowners insurance?",Phrase
"What damages are excluded from homeowners insurance?","What damages are excluded from homeowners insurance",Exact
"What damages are excluded from homeowners insurance?","What damages are excluded from homeowners insurance",Phrase
"What damages are excluded from homeowners insurance?","what damages are excluded from homeowners insurance",Exact
"What damages are excluded from homeowners insurance?","what damages are excluded from homeowners insurance",Phrase
"What damages are excluded from homeowners insurance?","what damages are excluded from homeowners insurance California",Exact
"What damages are excluded from homeowners insurance?","what damages are excluded from homeowners insurance California",Phrase
"Can insurance cancel coverage after a claim?","Can insurance cancel coverage after a claim?",Exact
"Can insurance cancel coverage after a claim?","Can insurance cancel coverage after a claim?",Phrase
"Can insurance cancel coverage after a claim?","Can insurance cancel coverage after a claim",Exact
"Can insurance cancel coverage after a claim?","Can insurance cancel coverage after a claim",Phrase
"Can insurance cancel coverage after a claim?","can insurance cancel coverage after a claim",Exact
"Can insurance cancel coverage after a claim?","can insurance cancel coverage after a claim",Phrase
"Can insurance cancel coverage after a claim?","can insurance cancel coverage after a claim California",Exact
"Can insurance cancel coverage after a claim?","can insurance cancel coverage after a claim California",Phrase
"What is subrogation in homeowners insurance?","What is subrogation in homeowners insurance?",Exact
"What is subrogation in homeowners insurance?","What is subrogation in homeowners insurance?",Phrase
"What is subrogation in homeowners insurance?","What is subrogation in homeowners insurance",Exact
"What is subrogation in homeowners insurance?","What is subrogation in homeowners insurance",Phrase
"What is subrogation in homeowners insurance?","what is subrogation in homeowners insurance",Exact
"What is subrogation in homeowners insurance?","what is subrogation in homeowners insurance",Phrase
"What is subrogation in homeowners insurance?","what is subrogation in homeowners insurance California",Exact
"What is subrogation in homeowners insurance?","what is subrogation in homeowners insurance California",Phrase
"What if insurance payout is less than repair cost?","What if insurance payout is less than repair cost?",Exact
"What if insurance payout is less than repair cost?","What if insurance payout is less than repair cost?",Phrase
"What if insurance payout is less than repair cost?","What if insurance payout is less than repair cost",Exact
"What if insurance payout is less than repair cost?","What if insurance payout is less than repair cost",Phrase
"What if insurance payout is less than repair cost?","what if insurance payout is less than repair cost",Exact
"What if insurance payout is less than repair cost?","what if insurance payout is less than repair cost",Phrase
"What if insurance payout is less than repair cost?","what if insurance payout is less than repair cost California",Exact
"What if insurance payout is less than repair cost?","what if insurance payout is less than repair cost California",Phrase
"Water damage vs flood damage explained","Water damage vs flood damage explained",Exact
"Water damage vs flood damage explained","Water damage vs flood damage explained",Phrase
"Water damage vs flood damage explained","Water damage vs flood damage explained",Exact
"Water damage vs flood damage explained","Water damage vs flood damage explained",Phrase
"Water damage vs flood damage explained","water damage vs flood damage explained",Exact
"Water damage vs flood damage explained","water damage vs flood damage explained",Phrase
"Water damage vs flood damage explained","water damage vs flood damage explained California",Exact
"Water damage vs flood damage explained","water damage vs flood damage explained California",Phrase
"Mold coverage explained","Mold coverage explained",Exact
"Mold coverage explained","Mold coverage explained",Phrase
"Mold coverage explained","Mold coverage explained",Exact
"Mold coverage explained","Mold coverage explained",Phrase
"Mold coverage explained","mold coverage explained",Exact
"Mold coverage explained","mold coverage explained",Phrase
"Mold coverage explained","mold coverage explained California",Exact
"Mold coverage explained","mold coverage explained California",Phrase
"Fire damage claim process","Fire damage claim process",Exact
"Fire damage claim process","Fire damage claim process",Phrase
"Fire damage claim process","Fire damage claim process",Exact
"Fire damage claim process","Fire damage claim process",Phrase
"Fire damage claim process","fire damage claim process",Exact
"Fire damage claim process","fire damage claim process",Phrase
"Fire damage claim process","fire damage claim process California",Exact
"Fire damage claim process","fire damage claim process California",Phrase
"What is loss of use coverage?","What is loss of use coverage?",Exact
"What is loss of use coverage?","What is loss of use coverage?",Phrase
"What is loss of use coverage?","What is loss of use coverage",Exact
"What is loss of use coverage?","What is loss of use coverage",Phrase
"What is loss of use coverage?","what is loss of use coverage",Exact
"What is loss of use coverage?","what is loss of use coverage",Phrase
"What is loss of use coverage?","what is loss of use coverage California",Exact
"What is loss of use coverage?","what is loss of use coverage California",Phrase
"How insurance depreciation works","How insurance depreciation works",Exact
"How insurance depreciation works","How insurance depreciation works",Phrase
"How insurance depreciation works","How insurance depreciation works",Exact
"How insurance depreciation works","How insurance depreciation works",Phrase
"How insurance depreciation works","how insurance depreciation works",Exact
"How insurance depreciation works","how insurance depreciation works",Phrase
"How insurance depreciation works","how insurance depreciation works California",Exact
"How insurance depreciation works","how insurance depreciation works California",Phrase
"When insurance disputes go to appraisal","When insurance disputes go to appraisal",Exact
"When insurance disputes go to appraisal","When insurance disputes go to appraisal",Phrase
"When insurance disputes go to appraisal","When insurance disputes go to appraisal",Exact
"When insurance disputes go to appraisal","When insurance disputes go to appraisal",Phrase
"When insurance disputes go to appraisal","when insurance disputes go to appraisal",Exact
"When insurance disputes go to appraisal","when insurance disputes go to appraisal",Phrase
"When insurance disputes go to appraisal","when insurance disputes go to appraisal California",Exact
"When insurance disputes go to appraisal","when insurance disputes go to appraisal California",Phrase
"What happens if claim is delayed?","What happens if claim is delayed?",Exact
"What happens if claim is delayed?","What happens if claim is delayed?",Phrase
"What happens if claim is delayed?","What happens if claim is delayed",Exact
"What happens if claim is delayed?","What happens if claim is delayed",Phrase
"What happens if claim is delayed?","what happens if claim is delayed",Exact
"What happens if claim is delayed?","what happens if claim is delayed",Phrase
"What happens if claim is delayed?","what happens if claim is delayed California",Exact
"What happens if claim is delayed?","what happens if claim is delayed California",Phrase
"What documents insurers request","What documents insurers request",Exact
"What documents insurers request","What documents insurers request",Phrase
"What documents insurers request","What documents insurers request",Exact
"What documents insurers request","What documents insurers request",Phrase
"What documents insurers request","what documents insurers request",Exact
"What documents insurers request","what documents insurers request",Phrase
"What documents insurers request","what documents insurers request California",Exact
"What documents insurers request","what documents insurers request California",Phrase
"Can you reopen a closed claim?","Can you reopen a closed claim?",Exact
"Can you reopen a closed claim?","Can you reopen a closed claim?",Phrase
"Can you reopen a closed claim?","Can you reopen a closed claim",Exact
"Can you reopen a closed claim?","Can you reopen a closed claim",Phrase
"Can you reopen a closed claim?","can you reopen a closed claim",Exact
"Can you reopen a closed claim?","can you reopen a closed claim",Phrase
"Can you reopen a closed claim?","can you reopen a closed claim California",Exact
"Can you reopen a closed claim?","can you reopen a closed claim California",Phrase
"How insurance settlement timelines work","How insurance settlement timelines work",Exact
"How insurance settlement timelines work","How insurance settlement timelines work",Phrase
"How insurance settlement timelines work","How insurance settlement timelines work",Exact
"How insurance settlement timelines work","How insurance settlement timelines work",Phrase
"How insurance settlement timelines work","how insurance settlement timelines work",Exact
"How insurance settlement timelines work","how insurance settlement timelines work",Phrase
"How insurance settlement timelines work","how insurance settlement timelines work California",Exact
"How insurance settlement timelines work","how insurance settlement timelines work California",Phrase
"How long does escrow take in California?","How long does escrow take in California?",Exact
"How long does escrow take in California?","How long does escrow take in California?",Phrase
"How long does escrow take in California?","How long does escrow take in California",Exact
"How long does escrow take in California?","How long does escrow take in California",Phrase
"How long does escrow take in California?","how long does escrow take california",Exact
"How long does escrow take in California?","how long does escrow take california",Phrase
"How long does escrow take in California?","how long does escrow take california California",Exact
"How long does escrow take in California?","how long does escrow take california California",Phrase
"What happens after escrow opens?","What happens after escrow opens?",Exact
"What happens after escrow opens?","What happens after escrow opens?",Phrase
"What happens after escrow opens?","What happens after escrow opens",Exact
"What happens after escrow opens?","What happens after escrow opens",Phrase
"What happens after escrow opens?","what happens after escrow opens",Exact
"What happens after escrow opens?","what happens after escrow opens",Phrase
"What happens after escrow opens?","what happens after escrow opens California",Exact
"What happens after escrow opens?","what happens after escrow opens California",Phrase
"What delays escrow closing?","What delays escrow closing?",Exact
"What delays escrow closing?","What delays escrow closing?",Phrase
"What delays escrow closing?","What delays escrow closing",Exact
"What delays escrow closing?","What delays escrow closing",Phrase
"What delays escrow closing?","what delays escrow closing",Exact
"What delays escrow closing?","what delays escrow closing",Phrase
"What delays escrow closing?","what delays escrow closing California",Exact
"What delays escrow closing?","what delays escrow closing California",Phrase
"What does “clear to close” mean?","What does “clear to close” mean?",Exact
"What does “clear to close” mean?","What does “clear to close” mean?",Phrase
"What does “clear to close” mean?","What does “clear to close” mean",Exact
"What does “clear to close” mean?","What does “clear to close” mean",Phrase
"What does “clear to close” mean?","what does clear to close mean",Exact
"What does “clear to close” mean?","what does clear to close mean",Phrase
"What does “clear to close” mean?","what does clear to close mean California",Exact
"What does “clear to close” mean?","what does clear to close mean California",Phrase
"What is a preliminary title report?","What is a preliminary title report?",Exact
"What is a preliminary title report?","What is a preliminary title report?",Phrase
"What is a preliminary title report?","What is a preliminary title report",Exact
"What is a preliminary title report?","What is a preliminary title report",Phrase
"What is a preliminary title report?","what is a preliminary title report",Exact
"What is a preliminary title report?","what is a preliminary title report",Phrase
"What is a preliminary title report?","what is a preliminary title report California",Exact
"What is a preliminary title report?","what is a preliminary title report California",Phrase
"Common title defects explained","Common title defects explained",Exact
"Common title defects explained","Common title defects explained",Phrase
"Common title defects explained","Common title defects explained",Exact
"Common title defects explained","Common title defects explained",Phrase
"Common title defects explained","common title defects explained",Exact
"Common title defects explained","common title defects explained",Phrase
"Common title defects explained","common title defects explained California",Exact
"Common title defects explained","common title defects explained California",Phrase
"Can escrow close without repairs?","Can escrow close without repairs?",Exact
"Can escrow close without repairs?","Can escrow close without repairs?",Phrase
"Can escrow close without repairs?","Can escrow close without repairs",Exact
"Can escrow close without repairs?","Can escrow close without repairs",Phrase
"Can escrow close without repairs?","can escrow close without repairs",Exact
"Can escrow close without repairs?","can escrow close without repairs",Phrase
"Can escrow close without repairs?","can escrow close without repairs California",Exact
"Can escrow close without repairs?","can escrow close without repairs California",Phrase
"What happens if escrow doesn’t close on time?","What happens if escrow doesn’t close on time?",Exact
"What happens if escrow doesn’t close on time?","What happens if escrow doesn’t close on time?",Phrase
"What happens if escrow doesn’t close on time?","What happens if escrow doesn’t close on time",Exact
"What happens if escrow doesn’t close on time?","What happens if escrow doesn’t close on time",Phrase
"What happens if escrow doesn’t close on time?","what happens if escrow doesnt close on time",Exact
"What happens if escrow doesn’t close on time?","what happens if escrow doesnt close on time",Phrase
"What happens if escrow doesn’t close on time?","what happens if escrow doesnt close on time California",Exact
"What happens if escrow doesn’t close on time?","what happens if escrow doesnt close on time California",Phrase
"Who chooses the title company?","Who chooses the title company?",Exact
"Who chooses the title company?","Who chooses the title company?",Phrase
"Who chooses the title company?","Who chooses the title company",Exact
"Who chooses the title company?","Who chooses the title company",Phrase
"Who chooses the title company?","who chooses the title company",Exact
"Who chooses the title company?","who chooses the title company",Phrase
"Who chooses the title company?","who chooses the title company California",Exact
"Who chooses the title company?","who chooses the title company California",Phrase
"What happens if buyer backs out during escrow?","What happens if buyer backs out during escrow?",Exact
"What happens if buyer backs out during escrow?","What happens if buyer backs out during escrow?",Phrase
"What happens if buyer backs out during escrow?","What happens if buyer backs out during escrow",Exact
"What happens if buyer backs out during escrow?","What happens if buyer backs out during escrow",Phrase
"What happens if buyer backs out during escrow?","what happens if buyer backs out during escrow",Exact
"What happens if buyer backs out during escrow?","what happens if buyer backs out during escrow",Phrase
"What happens if buyer backs out during escrow?","what happens if buyer backs out during escrow California",Exact
"What happens if buyer backs out during escrow?","what happens if buyer backs out during escrow California",Phrase
"What is a final walkthrough?","What is a final walkthrough?",Exact
"What is a final walkthrough?","What is a final walkthrough?",Phrase
"What is a final walkthrough?","What is a final walkthrough",Exact
"What is a final walkthrough?","What is a final walkthrough",Phrase
"What is a final walkthrough?","what is a final walkthrough",Exact
"What is a final walkthrough?","what is a final walkthrough",Phrase
"What is a final walkthrough?","what is a final walkthrough California",Exact
"What is a final walkthrough?","what is a final walkthrough California",Phrase
"Can seller cancel escrow?","Can seller cancel escrow?",Exact
"Can seller cancel escrow?","Can seller cancel escrow?",Phrase
"Can seller cancel escrow?","Can seller cancel escrow",Exact
"Can seller cancel escrow?","Can seller cancel escrow",Phrase
"Can seller cancel escrow?","can seller cancel escrow",Exact
"Can seller cancel escrow?","can seller cancel escrow",Phrase
"Can seller cancel escrow?","can seller cancel escrow California",Exact
"Can seller cancel escrow?","can seller cancel escrow California",Phrase
"What happens if appraisal comes in low?","What happens if appraisal comes in low?",Exact
"What happens if appraisal comes in low?","What happens if appraisal comes in low?",Phrase
"What happens if appraisal comes in low?","What happens if appraisal comes in low",Exact
"What happens if appraisal comes in low?","What happens if appraisal comes in low",Phrase
"What happens if appraisal comes in low?","what happens if appraisal comes in low",Exact
"What happens if appraisal comes in low?","what happens if appraisal comes in low",Phrase
"What happens if appraisal comes in low?","what happens if appraisal comes in low California",Exact
"What happens if appraisal comes in low?","what happens if appraisal comes in low California",Phrase
"What contingencies protect buyers?","What contingencies protect buyers?",Exact
"What contingencies protect buyers?","What contingencies protect buyers?",Phrase
"What contingencies protect buyers?","What contingencies protect buyers",Exact
"What contingencies protect buyers?","What contingencies protect buyers",Phrase
"What contingencies protect buyers?","what contingencies protect buyers",Exact
"What contingencies protect buyers?","what contingencies protect buyers",Phrase
"What contingencies protect buyers?","what contingencies protect buyers California",Exact
"What contingencies protect buyers?","what contingencies protect buyers California",Phrase
"What happens after offer acceptance?","What happens after offer acceptance?",Exact
"What happens after offer acceptance?","What happens after offer acceptance?",Phrase
"What happens after offer acceptance?","What happens after offer acceptance",Exact
"What happens after offer acceptance?","What happens after offer acceptance",Phrase
"What happens after offer acceptance?","what happens after offer acceptance",Exact
"What happens after offer acceptance?","what happens after offer acceptance",Phrase
"What happens after offer acceptance?","what happens after offer acceptance California",Exact
"What happens after offer acceptance?","what happens after offer acceptance California",Phrase
"Can seller refuse repairs?","Can seller refuse repairs?",Exact
"Can seller refuse repairs?","Can seller refuse repairs?",Phrase
"Can seller refuse repairs?","Can seller refuse repairs",Exact
"Can seller refuse repairs?","Can seller refuse repairs",Phrase
"Can seller refuse repairs?","can seller refuse repairs",Exact
"Can seller refuse repairs?","can seller refuse repairs",Phrase
"Can seller refuse repairs?","can seller refuse repairs California",Exact
"Can seller refuse repairs?","can seller refuse repairs California",Phrase
"How escrow instructions work","How escrow instructions work",Exact
"How escrow instructions work","How escrow instructions work",Phrase
"How escrow instructions work","How escrow instructions work",Exact
"How escrow instructions work","How escrow instructions work",Phrase
"How escrow instructions work","how escrow instructions work",Exact
"How escrow instructions work","how escrow instructions work",Phrase
"How escrow instructions work","how escrow instructions work California",Exact
"How escrow instructions work","how escrow instructions work California",Phrase
"What happens at recording?","What happens at recording?",Exact
"What happens at recording?","What happens at recording?",Phrase
"What happens at recording?","What happens at recording",Exact
"What happens at recording?","What happens at recording",Phrase
"What happens at recording?","what happens at recording",Exact
"What happens at recording?","what happens at recording",Phrase
"What happens at recording?","what happens at recording California",Exact
"What happens at recording?","what happens at recording California",Phrase
"What happens after closing?","What happens after closing?",Exact
"What happens after closing?","What happens after closing?",Phrase
"What happens after closing?","What happens after closing",Exact
"What happens after closing?","What happens after closing",Phrase
"What happens after closing?","what happens after closing",Exact
"What happens after closing?","what happens after closing",Phrase
"What happens after closing?","what happens after closing California",Exact
"What happens after closing?","what happens after closing California",Phrase
"How escrow fees are calculated","How escrow fees are calculated",Exact
"How escrow fees are calculated","How escrow fees are calculated",Phrase
"How escrow fees are calculated","How escrow fees are calculated",Exact
"How escrow fees are calculated","How escrow fees are calculated",Phrase
"How escrow fees are calculated","how escrow fees are calculated",Exact
"How escrow fees are calculated","how escrow fees are calculated",Phrase
"How escrow fees are calculated","how escrow fees are calculated California",Exact
"How escrow fees are calculated","how escrow fees are calculated California",Phrase
"What happens if property taxes go unpaid?","What happens if property taxes go unpaid?",Exact
"What happens if property taxes go unpaid?","What happens if property taxes go unpaid?",Phrase
"What happens if property taxes go unpaid?","What happens if property taxes go unpaid",Exact
"What happens if property taxes go unpaid?","What happens if property taxes go unpaid",Phrase
"What happens if property taxes go unpaid?","what happens if property taxes go unpaid",Exact
"What happens if property taxes go unpaid?","what happens if property taxes go unpaid",Phrase
"What happens if property taxes go unpaid?","what happens if property taxes go unpaid California",Exact
"What happens if property taxes go unpaid?","what happens if property taxes go unpaid California",Phrase
"How long before a tax lien is placed?","How long before a tax lien is placed?",Exact
"How long before a tax lien is placed?","How long before a tax lien is placed?",Phrase
"How long before a tax lien is placed?","How long before a tax lien is placed",Exact
"How long before a tax lien is placed?","How long before a tax lien is placed",Phrase
"How long before a tax lien is placed?","how long before a tax lien is placed",Exact
"How long before a tax lien is placed?","how long before a tax lien is placed",Phrase
"How long before a tax lien is placed?","how long before a tax lien is placed California",Exact
"How long before a tax lien is placed?","how long before a tax lien is placed California",Phrase
"What is a supplemental tax bill in California?","What is a supplemental tax bill in California?",Exact
"What is a supplemental tax bill in California?","What is a supplemental tax bill in California?",Phrase
"What is a supplemental tax bill in California?","What is a supplemental tax bill in California",Exact
"What is a supplemental tax bill in California?","What is a supplemental tax bill in California",Phrase
"What is a supplemental tax bill in California?","supplemental tax bill california",Exact
"What is a supplemental tax bill in California?","supplemental tax bill california",Phrase
"What is a supplemental tax bill in California?","supplemental tax bill california California",Exact
"What is a supplemental tax bill in California?","supplemental tax bill california California",Phrase
"Why did my property taxes increase suddenly?","Why did my property taxes increase suddenly?",Exact
"Why did my property taxes increase suddenly?","Why did my property taxes increase suddenly?",Phrase
"Why did my property taxes increase suddenly?","Why did my property taxes increase suddenly",Exact
"Why did my property taxes increase suddenly?","Why did my property taxes increase suddenly",Phrase
"Why did my property taxes increase suddenly?","why did my property taxes increase suddenly",Exact
"Why did my property taxes increase suddenly?","why did my property taxes increase suddenly",Phrase
"Why did my property taxes increase suddenly?","why did my property taxes increase suddenly California",Exact
"Why did my property taxes increase suddenly?","why did my property taxes increase suddenly California",Phrase
"What triggers reassessment?","What triggers reassessment?",Exact
"What triggers reassessment?","What triggers reassessment?",Phrase
"What triggers reassessment?","What triggers reassessment",Exact
"What triggers reassessment?","What triggers reassessment",Phrase
"What triggers reassessment?","what triggers reassessment",Exact
"What triggers reassessment?","what triggers reassessment",Phrase
"What triggers reassessment?","what triggers reassessment California",Exact
"What triggers reassessment?","what triggers reassessment California",Phrase
"What happens after filing a tax appeal?","What happens after filing a tax appeal?",Exact
"What happens after filing a tax appeal?","What happens after filing a tax appeal?",Phrase
"What happens after filing a tax appeal?","What happens after filing a tax appeal",Exact
"What happens after filing a tax appeal?","What happens after filing a tax appeal",Phrase
"What happens after filing a tax appeal?","what happens after filing a tax appeal",Exact
"What happens after filing a tax appeal?","what happens after filing a tax appeal",Phrase
"What happens after filing a tax appeal?","what happens after filing a tax appeal California",Exact
"What happens after filing a tax appeal?","what happens after filing a tax appeal California",Phrase
"Can property taxes be deferred?","Can property taxes be deferred?",Exact
"Can property taxes be deferred?","Can property taxes be deferred?",Phrase
"Can property taxes be deferred?","Can property taxes be deferred",Exact
"Can property taxes be deferred?","Can property taxes be deferred",Phrase
"Can property taxes be deferred?","can property taxes be deferred",Exact
"Can property taxes be deferred?","can property taxes be deferred",Phrase
"Can property taxes be deferred?","can property taxes be deferred California",Exact
"Can property taxes be deferred?","can property taxes be deferred California",Phrase
"What is a tax-defaulted property?","What is a tax-defaulted property?",Exact
"What is a tax-defaulted property?","What is a tax-defaulted property?",Phrase
"What is a tax-defaulted property?","What is a tax-defaulted property",Exact
"What is a tax-defaulted property?","What is a tax-defaulted property",Phrase
"What is a tax-defaulted property?","what is a tax defaulted property",Exact
"What is a tax-defaulted property?","what is a tax defaulted property",Phrase
"What is a tax-defaulted property?","what is a tax defaulted property California",Exact
"What is a tax-defaulted property?","what is a tax defaulted property California",Phrase
"How property tax penalties work","How property tax penalties work",Exact
"How property tax penalties work","How property tax penalties work",Phrase
"How property tax penalties work","How property tax penalties work",Exact
"How property tax penalties work","How property tax penalties work",Phrase
"How property tax penalties work","how property tax penalties work",Exact
"How property tax penalties work","how property tax penalties work",Phrase
"How property tax penalties work","how property tax penalties work California",Exact
"How property tax penalties work","how property tax penalties work California",Phrase
"How to read a property tax bill","How to read a property tax bill",Exact
"How to read a property tax bill","How to read a property tax bill",Phrase
"How to read a property tax bill","How to read a property tax bill",Exact
"How to read a property tax bill","How to read a property tax bill",Phrase
"How to read a property tax bill","how to read a property tax bill",Exact
"How to read a property tax bill","how to read a property tax bill",Phrase
"How to read a property tax bill","how to read a property tax bill California",Exact
"How to read a property tax bill","how to read a property tax bill California",Phrase
"What exemptions reduce property taxes?","What exemptions reduce property taxes?",Exact
"What exemptions reduce property taxes?","What exemptions reduce property taxes?",Phrase
"What exemptions reduce property taxes?","What exemptions reduce property taxes",Exact
"What exemptions reduce property taxes?","What exemptions reduce property taxes",Phrase
"What exemptions reduce property taxes?","what exemptions reduce property taxes",Exact
"What exemptions reduce property taxes?","what exemptions reduce property taxes",Phrase
"What exemptions reduce property taxes?","what exemptions reduce property taxes California",Exact
"What exemptions reduce property taxes?","what exemptions reduce property taxes California",Phrase
"What happens after tax sale?","What happens after tax sale?",Exact
"What happens after tax sale?","What happens after tax sale?",Phrase
"What happens after tax sale?","What happens after tax sale",Exact
"What happens after tax sale?","What happens after tax sale",Phrase
"What happens after tax sale?","what happens after tax sale",Exact
"What happens after tax sale?","what happens after tax sale",Phrase
"What happens after tax sale?","what happens after tax sale California",Exact
"What happens after tax sale?","what happens after tax sale California",Phrase
"Property tax vs special assessments","Property tax vs special assessments",Exact
"Property tax vs special assessments","Property tax vs special assessments",Phrase
"Property tax vs special assessments","Property tax vs special assessments",Exact
"Property tax vs special assessments","Property tax vs special assessments",Phrase
"Property tax vs special assessments","property tax vs special assessments",Exact
"Property tax vs special assessments","property tax vs special assessments",Phrase
"Property tax vs special assessments","property tax vs special assessments California",Exact
"Property tax vs special assessments","property tax vs special assessments California",Phrase
"How inheritance affects property taxes","How inheritance affects property taxes",Exact
"How inheritance affects property taxes","How inheritance affects property taxes",Phrase
"How inheritance affects property taxes","How inheritance affects property taxes",Exact
"How inheritance affects property taxes","How inheritance affects property taxes",Phrase
"How inheritance affects property taxes","how inheritance affects property taxes",Exact
"How inheritance affects property taxes","how inheritance affects property taxes",Phrase
"How inheritance affects property taxes","how inheritance affects property taxes California",Exact
"How inheritance affects property taxes","how inheritance affects property taxes California",Phrase
"Proposition 13 explained (procedural)","Proposition 13 explained (procedural)",Exact
"Proposition 13 explained (procedural)","Proposition 13 explained (procedural)",Phrase
"Proposition 13 explained (procedural)","Proposition 13 explained (procedural)",Exact
"Proposition 13 explained (procedural)","Proposition 13 explained (procedural)",Phrase
"Proposition 13 explained (procedural)","proposition 13 explained",Exact
"Proposition 13 explained (procedural)","proposition 13 explained",Phrase
"Proposition 13 explained (procedural)","proposition 13 explained California",Exact
"Proposition 13 explained (procedural)","proposition 13 explained California",Phrase
"Who pays for fence repairs between neighbors?","Who pays for fence repairs between neighbors?",Exact
"Who pays for fence repairs between neighbors?","Who pays for fence repairs between neighbors?",Phrase
"Who pays for fence repairs between neighbors?","Who pays for fence repairs between neighbors",Exact
"Who pays for fence repairs between neighbors?","Who pays for fence repairs between neighbors",Phrase
"Who pays for fence repairs between neighbors?","who pays for fence repairs",Exact
"Who pays for fence repairs between neighbors?","who pays for fence repairs",Phrase
"Who pays for fence repairs between neighbors?","who pays for fence repairs California",Exact
"Who pays for fence repairs between neighbors?","who pays for fence repairs California",Phrase
"Who is responsible for sidewalk injuries?","Who is responsible for sidewalk injuries?",Exact
"Who is responsible for sidewalk injuries?","Who is responsible for sidewalk injuries?",Phrase
"Who is responsible for sidewalk injuries?","Who is responsible for sidewalk injuries",Exact
"Who is responsible for sidewalk injuries?","Who is responsible for sidewalk injuries",Phrase
"Who is responsible for sidewalk injuries?","homeowner liability sidewalk injuries",Exact
"Who is responsible for sidewalk injuries?","homeowner liability sidewalk injuries",Phrase
"Who is responsible for sidewalk injuries?","homeowner liability sidewalk injuries California",Exact
"Who is responsible for sidewalk injuries?","homeowner liability sidewalk injuries California",Phrase
"Does homeowners insurance cover water leaks?","Does homeowners insurance cover water leaks?",Exact
"Does homeowners insurance cover water leaks?","Does homeowners insurance cover water leaks?",Phrase
"Does homeowners insurance cover water leaks?","Does homeowners insurance cover water leaks",Exact
"Does homeowners insurance cover water leaks?","Does homeowners insurance cover water leaks",Phrase
"Does homeowners insurance cover water leaks?","does homeowners insurance cover water leaks",Exact
"Does homeowners insurance cover water leaks?","does homeowners insurance cover water leaks",Phrase
"Does homeowners insurance cover water leaks?","does homeowners insurance cover water leaks California",Exact
"Does homeowners insurance cover water leaks?","does homeowners insurance cover water leaks California",Phrase
"Who pays for sewer line repairs?","Who pays for sewer line repairs?",Exact
"Who pays for sewer line repairs?","Who pays for sewer line repairs?",Phrase
"Who pays for sewer line repairs?","Who pays for sewer line repairs",Exact
"Who pays for sewer line repairs?","Who pays for sewer line repairs",Phrase
"Who pays for sewer line repairs?","who pays for sewer line repairs",Exact
"Who pays for sewer line repairs?","who pays for sewer line repairs",Phrase
"Who pays for sewer line repairs?","who pays for sewer line repairs California",Exact
"Who pays for sewer line repairs?","who pays for sewer line repairs California",Phrase
"What happens if unpermitted work is discovered?","What happens if unpermitted work is discovered?",Exact
"What happens if unpermitted work is discovered?","What happens if unpermitted work is discovered?",Phrase
"What happens if unpermitted work is discovered?","What happens if unpermitted work is discovered",Exact
"What happens if unpermitted work is discovered?","What happens if unpermitted work is discovered",Phrase
"What happens if unpermitted work is discovered?"," what happens if unpermitted work is discovered",Exact
"What happens if unpermitted work is discovered?"," what happens if unpermitted work is discovered",Phrase
"What happens if unpermitted work is discovered?"," what happens if unpermitted work is discovered California",Exact
"What happens if unpermitted work is discovered?"," what happens if unpermitted work is discovered California",Phrase
"Who is liable for tree damage?","Who is liable for tree damage?",Exact
"Who is liable for tree damage?","Who is liable for tree damage?",Phrase
"Who is liable for tree damage?","Who is liable for tree damage",Exact
"Who is liable for tree damage?","Who is liable for tree damage",Phrase
"Who is liable for tree damage?","who is liable for tree damage",Exact
"Who is liable for tree damage?","who is liable for tree damage",Phrase
"Who is liable for tree damage?","who is liable for tree damage California",Exact
"Who is liable for tree damage?","who is liable for tree damage California",Phrase
"Shared driveway maintenance rules","Shared driveway maintenance rules",Exact
"Shared driveway maintenance rules","Shared driveway maintenance rules",Phrase
"Shared driveway maintenance rules","Shared driveway maintenance rules",Exact
"Shared driveway maintenance rules","Shared driveway maintenance rules",Phrase
"Shared driveway maintenance rules","shared driveway maintenance rules",Exact
"Shared driveway maintenance rules","shared driveway maintenance rules",Phrase
"Shared driveway maintenance rules","shared driveway maintenance rules California",Exact
"Shared driveway maintenance rules","shared driveway maintenance rules California",Phrase
"What is normal wear and tear?","What is normal wear and tear?",Exact
"What is normal wear and tear?","What is normal wear and tear?",Phrase
"What is normal wear and tear?","What is normal wear and tear",Exact
"What is normal wear and tear?","What is normal wear and tear",Phrase
"What is normal wear and tear?","what is normal wear and tear",Exact
"What is normal wear and tear?","what is normal wear and tear",Phrase
"What is normal wear and tear?","what is normal wear and tear California",Exact
"What is normal wear and tear?","what is normal wear and tear California",Phrase
"Mold liability between parties","Mold liability between parties",Exact
"Mold liability between parties","Mold liability between parties",Phrase
"Mold liability between parties","Mold liability between parties",Exact
"Mold liability between parties","Mold liability between parties",Phrase
"Mold liability between parties","mold liability between parties",Exact
"Mold liability between parties","mold liability between parties",Phrase
"Mold liability between parties","mold liability between parties California",Exact
"Mold liability between parties","mold liability between parties California",Phrase
"What happens if contractor damages property?","What happens if contractor damages property?",Exact
"What happens if contractor damages property?","What happens if contractor damages property?",Phrase
"What happens if contractor damages property?","What happens if contractor damages property",Exact
"What happens if contractor damages property?","What happens if contractor damages property",Phrase
"What happens if contractor damages property?","what happens if contractor damages property",Exact
"What happens if contractor damages property?","what happens if contractor damages property",Phrase
"What happens if contractor damages property?","what happens if contractor damages property California",Exact
"What happens if contractor damages property?","what happens if contractor damages property California",Phrase
"Can homeowner be sued for injuries?","Can homeowner be sued for injuries?",Exact
"Can homeowner be sued for injuries?","Can homeowner be sued for injuries?",Phrase
"Can homeowner be sued for injuries?","Can homeowner be sued for injuries",Exact
"Can homeowner be sued for injuries?","Can homeowner be sued for injuries",Phrase
"Can homeowner be sued for injuries?","can homeowner be sued for injuries",Exact
"Can homeowner be sued for injuries?","can homeowner be sued for injuries",Phrase
"Can homeowner be sued for injuries?","can homeowner be sued for injuries California",Exact
"Can homeowner be sued for injuries?","can homeowner be sued for injuries California",Phrase
"What happens after a code violation notice?","What happens after a code violation notice?",Exact
"What happens after a code violation notice?","What happens after a code violation notice?",Phrase
"What happens after a code violation notice?","What happens after a code violation notice",Exact
"What happens after a code violation notice?","What happens after a code violation notice",Phrase
"What happens after a code violation notice?","what happens after a code violation notice",Exact
"What happens after a code violation notice?","what happens after a code violation notice",Phrase
"What happens after a code violation notice?","what happens after a code violation notice California",Exact
"What happens after a code violation notice?","what happens after a code violation notice California",Phrase
"How building permits affect resale","How building permits affect resale",Exact
"How building permits affect resale","How building permits affect resale",Phrase
"How building permits affect resale","How building permits affect resale",Exact
"How building permits affect resale","How building permits affect resale",Phrase
"How building permits affect resale","how building permits affect resale",Exact
"How building permits affect resale","how building permits affect resale",Phrase
"How building permits affect resale","how building permits affect resale California",Exact
"How building permits affect resale","how building permits affect resale California",Phrase
"Boundary disputes explained","Boundary disputes explained",Exact
"Boundary disputes explained","Boundary disputes explained",Phrase
"Boundary disputes explained","Boundary disputes explained",Exact
"Boundary disputes explained","Boundary disputes explained",Phrase
"Boundary disputes explained","boundary disputes explained",Exact
"Boundary disputes explained","boundary disputes explained",Phrase
"Boundary disputes explained","boundary disputes explained California",Exact
"Boundary disputes explained","boundary disputes explained California",Phrase
"Easement disputes explained","Easement disputes explained",Exact
"Easement disputes explained","Easement disputes explained",Phrase
"Easement disputes explained","Easement disputes explained",Exact
"Easement disputes explained","Easement disputes explained",Phrase
"Easement disputes explained","easement disputes explained",Exact
"Easement disputes explained","easement disputes explained",Phrase
"Easement disputes explained","easement disputes explained California",Exact
"Easement disputes explained","easement disputes explained California",Phrase
