Campaign,Ad Group,Max CPC,Ad Group Type,Status
"HOA & Community Rules – Informational","What happens if HOA fines go unpaid in California?",1.50,"Standard","Enabled"
"HOA & Community Rules – Informational","Can an HOA place a lien on your home in CA?",1.50,"Standard","Enabled"
"HOA & Community Rules – Informational","How long before HOA can foreclose in California?",1.50,"Standard","Enabled"
"HOA & Community Rules – Informational","Can HOA increase dues without homeowner approval?",1.50,"Standard","Enabled"
"HOA & Community Rules – Informational","What is an HOA special assessment?",1.50,"Standard","Enabled"
"HOA & Community Rules – Informational","Can HOA deny exterior changes?",1.50,"Standard","Enabled"
"HOA & Community Rules – Informational","Can HOA restrict rentals in California?",1.50,"Standard","Enabled"
"HOA & Community Rules – Informational","What happens if you ignore HOA violation notices?",1.50,"Standard","Enabled"
"HOA & Community Rules – Informational","Can HOA tow your car from your driveway?",1.50,"Standard","Enabled"
"HOA & Community Rules – Informational","HOA dispute process explained",1.50,"Standard","Enabled"
"HOA & Community Rules – Informational","Can HOA fine without notice?",1.50,"Standard","Enabled"
"HOA & Community Rules – Informational","What rights do homeowners have against HOA?",1.50,"Standard","Enabled"
"HOA & Community Rules – Informational","How HOA collections work",1.50,"Standard","Enabled"
"HOA & Community Rules – Informational","What happens after HOA sends a demand letter?",1.50,"Standard","Enabled"
"HOA & Community Rules – Informational","Can HOA charge late fees?",1.50,"Standard","Enabled"
"HOA & Community Rules – Informational","HOA vs homeowner insurance responsibility",1.50,"Standard","Enabled"
"HOA & Community Rules – Informational","What documents govern HOA authority?",1.50,"Standard","Enabled"
"HOA & Community Rules – Informational","Can HOA foreclose for unpaid dues?",1.50,"Standard","Enabled"
"HOA & Community Rules – Informational","How to request HOA records",1.50,"Standard","Enabled"
"HOA & Community Rules – Informational","HOA election and board powers explained",1.50,"Standard","Enabled"
"Homeowners Insurance – Informational","Why was my homeowners insurance claim denied?",1.50,"Standard","Enabled"
"Homeowners Insurance – Informational","What happens after filing a homeowners claim?",1.50,"Standard","Enabled"
"Homeowners Insurance – Informational","How long does an insurance investigation take?",1.50,"Standard","Enabled"
"Homeowners Insurance – Informational","What does an insurance adjuster do?",1.50,"Standard","Enabled"
"Homeowners Insurance – Informational","Replacement cost vs actual cash value",1.50,"Standard","Enabled"
"Homeowners Insurance – Informational","Does filing a claim raise premiums?",1.50,"Standard","Enabled"
"Homeowners Insurance – Informational","What damages are excluded from homeowners insurance?",1.50,"Standard","Enabled"
"Homeowners Insurance – Informational","Can insurance cancel coverage after a claim?",1.50,"Standard","Enabled"
"Homeowners Insurance – Informational","What is subrogation in homeowners insurance?",1.50,"Standard","Enabled"
"Homeowners Insurance – Informational","What if insurance payout is less than repair cost?",1.50,"Standard","Enabled"
"Homeowners Insurance – Informational","Water damage vs flood damage explained",1.50,"Standard","Enabled"
"Homeowners Insurance – Informational","Mold coverage explained",1.50,"Standard","Enabled"
"Homeowners Insurance – Informational","Fire damage claim process",1.50,"Standard","Enabled"
"Homeowners Insurance – Informational","What is loss of use coverage?",1.50,"Standard","Enabled"
"Homeowners Insurance – Informational","How insurance depreciation works",1.50,"Standard","Enabled"
"Homeowners Insurance – Informational","When insurance disputes go to appraisal",1.50,"Standard","Enabled"
"Homeowners Insurance – Informational","What happens if claim is delayed?",1.50,"Standard","Enabled"
"Homeowners Insurance – Informational","What documents insurers request",1.50,"Standard","Enabled"
"Homeowners Insurance – Informational","Can you reopen a closed claim?",1.50,"Standard","Enabled"
"Homeowners Insurance – Informational","How insurance settlement timelines work",1.50,"Standard","Enabled"
"Escrow, Title & Closing – Informational","How long does escrow take in California?",1.50,"Standard","Enabled"
"Escrow, Title & Closing – Informational","What happens after escrow opens?",1.50,"Standard","Enabled"
"Escrow, Title & Closing – Informational","What delays escrow closing?",1.50,"Standard","Enabled"
"Escrow, Title & Closing – Informational","What does “clear to close” mean?",1.50,"Standard","Enabled"
"Escrow, Title & Closing – Informational","What is a preliminary title report?",1.50,"Standard","Enabled"
"Escrow, Title & Closing – Informational","Common title defects explained",1.50,"Standard","Enabled"
"Escrow, Title & Closing – Informational","Can escrow close without repairs?",1.50,"Standard","Enabled"
"Escrow, Title & Closing – Informational","What happens if escrow doesn’t close on time?",1.50,"Standard","Enabled"
"Escrow, Title & Closing – Informational","Who chooses the title company?",1.50,"Standard","Enabled"
"Escrow, Title & Closing – Informational","What happens if buyer backs out during escrow?",1.50,"Standard","Enabled"
"Escrow, Title & Closing – Informational","What is a final walkthrough?",1.50,"Standard","Enabled"
"Escrow, Title & Closing – Informational","Can seller cancel escrow?",1.50,"Standard","Enabled"
"Escrow, Title & Closing – Informational","What happens if appraisal comes in low?",1.50,"Standard","Enabled"
"Escrow, Title & Closing – Informational","What contingencies protect buyers?",1.50,"Standard","Enabled"
"Escrow, Title & Closing – Informational","What happens after offer acceptance?",1.50,"Standard","Enabled"
"Escrow, Title & Closing – Informational","Can seller refuse repairs?",1.50,"Standard","Enabled"
"Escrow, Title & Closing – Informational","How escrow instructions work",1.50,"Standard","Enabled"
"Escrow, Title & Closing – Informational","What happens at recording?",1.50,"Standard","Enabled"
"Escrow, Title & Closing – Informational","What happens after closing?",1.50,"Standard","Enabled"
"Escrow, Title & Closing – Informational","How escrow fees are calculated",1.50,"Standard","Enabled"
"Property Taxes & Assessments – Informational","What happens if property taxes go unpaid?",1.50,"Standard","Enabled"
"Property Taxes & Assessments – Informational","How long before a tax lien is placed?",1.50,"Standard","Enabled"
"Property Taxes & Assessments – Informational","What is a supplemental tax bill in California?",1.50,"Standard","Enabled"
"Property Taxes & Assessments – Informational","Why did my property taxes increase suddenly?",1.50,"Standard","Enabled"
"Property Taxes & Assessments – Informational","What triggers reassessment?",1.50,"Standard","Enabled"
"Property Taxes & Assessments – Informational","What happens after filing a tax appeal?",1.50,"Standard","Enabled"
"Property Taxes & Assessments – Informational","Can property taxes be deferred?",1.50,"Standard","Enabled"
"Property Taxes & Assessments – Informational","What is a tax-defaulted property?",1.50,"Standard","Enabled"
"Property Taxes & Assessments – Informational","How property tax penalties work",1.50,"Standard","Enabled"
"Property Taxes & Assessments – Informational","How to read a property tax bill",1.50,"Standard","Enabled"
"Property Taxes & Assessments – Informational","What exemptions reduce property taxes?",1.50,"Standard","Enabled"
"Property Taxes & Assessments – Informational","What happens after tax sale?",1.50,"Standard","Enabled"
"Property Taxes & Assessments – Informational","Property tax vs special assessments",1.50,"Standard","Enabled"
"Property Taxes & Assessments – Informational","How inheritance affects property taxes",1.50,"Standard","Enabled"
"Property Taxes & Assessments – Informational","Proposition 13 explained (procedural)",1.50,"Standard","Enabled"
"Maintenance, Liability & Disputes – Informational","Who pays for fence repairs between neighbors?",1.50,"Standard","Enabled"
"Maintenance, Liability & Disputes – Informational","Who is responsible for sidewalk injuries?",1.50,"Standard","Enabled"
"Maintenance, Liability & Disputes – Informational","Does homeowners insurance cover water leaks?",1.50,"Standard","Enabled"
"Maintenance, Liability & Disputes – Informational","Who pays for sewer line repairs?",1.50,"Standard","Enabled"
"Maintenance, Liability & Disputes – Informational","What happens if unpermitted work is discovered?",1.50,"Standard","Enabled"
"Maintenance, Liability & Disputes – Informational","Who is liable for tree damage?",1.50,"Standard","Enabled"
"Maintenance, Liability & Disputes – Informational","Shared driveway maintenance rules",1.50,"Standard","Enabled"
"Maintenance, Liability & Disputes – Informational","What is normal wear and tear?",1.50,"Standard","Enabled"
"Maintenance, Liability & Disputes – Informational","Mold liability between parties",1.50,"Standard","Enabled"
"Maintenance, Liability & Disputes – Informational","What happens if contractor damages property?",1.50,"Standard","Enabled"
"Maintenance, Liability & Disputes – Informational","Can homeowner be sued for injuries?",1.50,"Standard","Enabled"
"Maintenance, Liability & Disputes – Informational","What happens after a code violation notice?",1.50,"Standard","Enabled"
"Maintenance, Liability & Disputes – Informational","How building permits affect resale",1.50,"Standard","Enabled"
"Maintenance, Liability & Disputes – Informational","Boundary disputes explained",1.50,"Standard","Enabled"
"Maintenance, Liability & Disputes – Informational","Easement disputes explained",1.50,"Standard","Enabled"