Campaign,Ad Group,Headline 1,Headline 2,Headline 3,Description 1,Description 2,Final URL,Path 1,Path 2
"HOA & Community Rules – Informational","What happens if HOA fines go unpaid in California?","HOA fines go unpaid CA","California Real Estate Guide","Zyphe AI Insights","Learn about What happens if HOA fines go unpaid in California? in California. Timelines & ","Free specialized guide for homeowners. Know your rights and responsibilities.","https://www.zyphe.com/hoa/what-happens-if-hoa-fines-go-unpaid-california","hoa","what-happens-if"
"HOA & Community Rules – Informational","Can an HOA place a lien on your home in CA?","Can an HOA place a lien on ...","California Real Estate Guide","Zyphe AI Insights","Learn about Can an HOA place a lien on your home in CA? in California. Timelines & legal f","Free specialized guide for homeowners. Know your rights and responsibilities.","https://www.zyphe.com/hoa/hoa-lien-process-california","hoa","hoa-lien-proces"
"HOA & Community Rules – Informational","How long before HOA can foreclose in California?","How long before HOA can for...","California Real Estate Guide","Zyphe AI Insights","Learn about How long before HOA can foreclose in California? in California. Timelines & le","Free specialized guide for homeowners. Know your rights and responsibilities.","https://www.zyphe.com/hoa/hoa-foreclosure-timeline-california","hoa","hoa-foreclosure"
"HOA & Community Rules – Informational","Can HOA increase dues without homeowner approval?","Can HOA increase dues witho...","California Real Estate Guide","Zyphe AI Insights","Learn about Can HOA increase dues without homeowner approval? in California. Timelines & l","Free specialized guide for homeowners. Know your rights and responsibilities.","https://www.zyphe.com/hoa/can-hoa-increase-dues-without-homeowner-approval","hoa","can-hoa-increas"
"HOA & Community Rules – Informational","What is an HOA special assessment?","What is an HOA special asse...","California Real Estate Guide","Zyphe AI Insights","Learn about What is an HOA special assessment? in California. Timelines & legal frameworks","Free specialized guide for homeowners. Know your rights and responsibilities.","https://www.zyphe.com/hoa/what-is-an-hoa-special-assessment","hoa","what-is-an-hoa-"
"HOA & Community Rules – Informational","Can HOA deny exterior changes?","Can HOA deny exterior changes","California Real Estate Guide","Zyphe AI Insights","Learn about Can HOA deny exterior changes? in California. Timelines & legal frameworks exp","Free specialized guide for homeowners. Know your rights and responsibilities.","https://www.zyphe.com/hoa/can-hoa-deny-exterior-changes","hoa","can-hoa-deny-ex"
"HOA & Community Rules – Informational","Can HOA restrict rentals in California?","Can HOA restrict rentals CA","California Real Estate Guide","Zyphe AI Insights","Learn about Can HOA restrict rentals in California? in California. Timelines & legal frame","Free specialized guide for homeowners. Know your rights and responsibilities.","https://www.zyphe.com/hoa/can-hoa-restrict-rentals-in-california","hoa","can-hoa-restric"
"HOA & Community Rules – Informational","What happens if you ignore HOA violation notices?","you ignore HOA violation no...","California Real Estate Guide","Zyphe AI Insights","Learn about What happens if you ignore HOA violation notices? in California. Timelines & l","Free specialized guide for homeowners. Know your rights and responsibilities.","https://www.zyphe.com/hoa/what-happens-if-you-ignore-hoa-violation-notices","hoa","what-happens-if"
"HOA & Community Rules – Informational","Can HOA tow your car from your driveway?","Can HOA tow your car from y...","California Real Estate Guide","Zyphe AI Insights","Learn about Can HOA tow your car from your driveway? in California. Timelines & legal fram","Free specialized guide for homeowners. Know your rights and responsibilities.","https://www.zyphe.com/hoa/can-hoa-tow-your-car-from-your-driveway","hoa","can-hoa-tow-you"
"HOA & Community Rules – Informational","HOA dispute process explained","HOA dispute process explained","California Real Estate Guide","Zyphe AI Insights","Learn about HOA dispute process explained in California. Timelines & legal frameworks expl","Free specialized guide for homeowners. Know your rights and responsibilities.","https://www.zyphe.com/hoa/hoa-dispute-process-explained","hoa","hoa-dispute-pro"
"HOA & Community Rules – Informational","Can HOA fine without notice?","Can HOA fine without notice","California Real Estate Guide","Zyphe AI Insights","Learn about Can HOA fine without notice? in California. Timelines & legal frameworks expla","Free specialized guide for homeowners. Know your rights and responsibilities.","https://www.zyphe.com/hoa/can-hoa-fine-without-notice","hoa","can-hoa-fine-wi"
"HOA & Community Rules – Informational","What rights do homeowners have against HOA?","What rights do homeowners h...","California Real Estate Guide","Zyphe AI Insights","Learn about What rights do homeowners have against HOA? in California. Timelines & legal f","Free specialized guide for homeowners. Know your rights and responsibilities.","https://www.zyphe.com/hoa/what-rights-do-homeowners-have-against-hoa","hoa","what-rights-do-"
"HOA & Community Rules – Informational","How HOA collections work","How HOA collections work","California Real Estate Guide","Zyphe AI Insights","Learn about How HOA collections work in California. Timelines & legal frameworks explained","Free specialized guide for homeowners. Know your rights and responsibilities.","https://www.zyphe.com/hoa/how-hoa-collections-work","hoa","how-hoa-collect"
"HOA & Community Rules – Informational","What happens after HOA sends a demand letter?","What happens after HOA send...","California Real Estate Guide","Zyphe AI Insights","Learn about What happens after HOA sends a demand letter? in California. Timelines & legal","Free specialized guide for homeowners. Know your rights and responsibilities.","https://www.zyphe.com/hoa/what-happens-after-hoa-sends-a-demand-letter","hoa","what-happens-af"
"HOA & Community Rules – Informational","Can HOA charge late fees?","Can HOA charge late fees","California Real Estate Guide","Zyphe AI Insights","Learn about Can HOA charge late fees? in California. Timelines & legal frameworks explaine","Free specialized guide for homeowners. Know your rights and responsibilities.","https://www.zyphe.com/hoa/can-hoa-charge-late-fees","hoa","can-hoa-charge-"
"HOA & Community Rules – Informational","HOA vs homeowner insurance responsibility","HOA vs homeowner insurance ...","California Real Estate Guide","Zyphe AI Insights","Learn about HOA vs homeowner insurance responsibility in California. Timelines & legal fra","Free specialized guide for homeowners. Know your rights and responsibilities.","https://www.zyphe.com/hoa/hoa-vs-homeowner-insurance-responsibility","hoa","hoa-vs-homeowne"
"HOA & Community Rules – Informational","What documents govern HOA authority?","What documents govern HOA a...","California Real Estate Guide","Zyphe AI Insights","Learn about What documents govern HOA authority? in California. Timelines & legal framewor","Free specialized guide for homeowners. Know your rights and responsibilities.","https://www.zyphe.com/hoa/what-documents-govern-hoa-authority","hoa","what-documents-"
"HOA & Community Rules – Informational","Can HOA foreclose for unpaid dues?","Can HOA foreclose for unpai...","California Real Estate Guide","Zyphe AI Insights","Learn about Can HOA foreclose for unpaid dues? in California. Timelines & legal frameworks","Free specialized guide for homeowners. Know your rights and responsibilities.","https://www.zyphe.com/hoa/can-hoa-foreclose-for-unpaid-dues","hoa","can-hoa-foreclo"
"HOA & Community Rules – Informational","How to request HOA records","How to request HOA records","California Real Estate Guide","Zyphe AI Insights","Learn about How to request HOA records in California. Timelines & legal frameworks explain","Free specialized guide for homeowners. Know your rights and responsibilities.","https://www.zyphe.com/hoa/how-to-request-hoa-records","hoa","how-to-request-"
"HOA & Community Rules – Informational","HOA election and board powers explained","HOA election & board powers...","California Real Estate Guide","Zyphe AI Insights","Learn about HOA election and board powers explained in California. Timelines & legal frame","Free specialized guide for homeowners. Know your rights and responsibilities.","https://www.zyphe.com/hoa/hoa-election-and-board-powers-explained","hoa","hoa-election-an"
"Homeowners Insurance – Informational","Why was my homeowners insurance claim denied?","Why was my homeowners insur...","California Real Estate Guide","Zyphe AI Insights","Learn about Why was my homeowners insurance claim denied? in California. Timelines & legal","Free specialized guide for homeowners. Know your rights and responsibilities.","https://www.zyphe.com/insurance/homeowners-insurance-claim-denied","insurance","homeowners-insu"
"Homeowners Insurance – Informational","What happens after filing a homeowners claim?","What happens after filing a...","California Real Estate Guide","Zyphe AI Insights","Learn about What happens after filing a homeowners claim? in California. Timelines & legal","Free specialized guide for homeowners. Know your rights and responsibilities.","https://www.zyphe.com/insurance/what-happens-after-filing-a-homeowners-claim","insurance","what-happens-af"
"Homeowners Insurance – Informational","How long does an insurance investigation take?","How long does an insurance ...","California Real Estate Guide","Zyphe AI Insights","Learn about How long does an insurance investigation take? in California. Timelines & lega","Free specialized guide for homeowners. Know your rights and responsibilities.","https://www.zyphe.com/insurance/insurance-adjuster-investigation-timeline","insurance","insurance-adjus"
"Homeowners Insurance – Informational","What does an insurance adjuster do?","What does an insurance adju...","California Real Estate Guide","Zyphe AI Insights","Learn about What does an insurance adjuster do? in California. Timelines & legal framework","Free specialized guide for homeowners. Know your rights and responsibilities.","https://www.zyphe.com/insurance/what-does-an-insurance-adjuster-do","insurance","what-does-an-in"
"Homeowners Insurance – Informational","Replacement cost vs actual cash value","Replacement cost vs actual ...","California Real Estate Guide","Zyphe AI Insights","Learn about Replacement cost vs actual cash value in California. Timelines & legal framewo","Free specialized guide for homeowners. Know your rights and responsibilities.","https://www.zyphe.com/insurance/replacement-cost-vs-actual-cash-value","insurance","replacement-cos"
"Homeowners Insurance – Informational","Does filing a claim raise premiums?","Does filing a claim raise p...","California Real Estate Guide","Zyphe AI Insights","Learn about Does filing a claim raise premiums? in California. Timelines & legal framework","Free specialized guide for homeowners. Know your rights and responsibilities.","https://www.zyphe.com/insurance/does-filing-a-claim-raise-premiums","insurance","does-filing-a-c"
"Homeowners Insurance – Informational","What damages are excluded from homeowners insurance?","What damages are excluded f...","California Real Estate Guide","Zyphe AI Insights","Learn about What damages are excluded from homeowners insurance? in California. Timelines ","Free specialized guide for homeowners. Know your rights and responsibilities.","https://www.zyphe.com/insurance/what-damages-are-excluded-from-homeowners-insurance","insurance","what-damages-ar"
"Homeowners Insurance – Informational","Can insurance cancel coverage after a claim?","Can insurance cancel covera...","California Real Estate Guide","Zyphe AI Insights","Learn about Can insurance cancel coverage after a claim? in California. Timelines & legal ","Free specialized guide for homeowners. Know your rights and responsibilities.","https://www.zyphe.com/insurance/can-insurance-cancel-coverage-after-a-claim","insurance","can-insurance-c"
"Homeowners Insurance – Informational","What is subrogation in homeowners insurance?","What is subrogation in home...","California Real Estate Guide","Zyphe AI Insights","Learn about What is subrogation in homeowners insurance? in California. Timelines & legal ","Free specialized guide for homeowners. Know your rights and responsibilities.","https://www.zyphe.com/insurance/what-is-subrogation-in-homeowners-insurance","insurance","what-is-subroga"
"Homeowners Insurance – Informational","What if insurance payout is less than repair cost?","What if insurance payout is...","California Real Estate Guide","Zyphe AI Insights","Learn about What if insurance payout is less than repair cost? in California. Timelines & ","Free specialized guide for homeowners. Know your rights and responsibilities.","https://www.zyphe.com/insurance/what-if-insurance-payout-is-less-than-repair-cost","insurance","what-if-insuran"
"Homeowners Insurance – Informational","Water damage vs flood damage explained","Water damage vs flood damag...","California Real Estate Guide","Zyphe AI Insights","Learn about Water damage vs flood damage explained in California. Timelines & legal framew","Free specialized guide for homeowners. Know your rights and responsibilities.","https://www.zyphe.com/insurance/water-damage-vs-flood-damage-explained","insurance","water-damage-vs"
"Homeowners Insurance – Informational","Mold coverage explained","Mold coverage explained","California Real Estate Guide","Zyphe AI Insights","Learn about Mold coverage explained in California. Timelines & legal frameworks explained.","Free specialized guide for homeowners. Know your rights and responsibilities.","https://www.zyphe.com/insurance/mold-coverage-explained","insurance","mold-coverage-e"
"Homeowners Insurance – Informational","Fire damage claim process","Fire damage claim process","California Real Estate Guide","Zyphe AI Insights","Learn about Fire damage claim process in California. Timelines & legal frameworks explaine","Free specialized guide for homeowners. Know your rights and responsibilities.","https://www.zyphe.com/insurance/fire-damage-claim-process","insurance","fire-damage-cla"
"Homeowners Insurance – Informational","What is loss of use coverage?","What is loss of use coverage","California Real Estate Guide","Zyphe AI Insights","Learn about What is loss of use coverage? in California. Timelines & legal frameworks expl","Free specialized guide for homeowners. Know your rights and responsibilities.","https://www.zyphe.com/insurance/what-is-loss-of-use-coverage","insurance","what-is-loss-of"
"Homeowners Insurance – Informational","How insurance depreciation works","How insurance depreciation ...","California Real Estate Guide","Zyphe AI Insights","Learn about How insurance depreciation works in California. Timelines & legal frameworks e","Free specialized guide for homeowners. Know your rights and responsibilities.","https://www.zyphe.com/insurance/how-insurance-depreciation-works","insurance","how-insurance-d"
"Homeowners Insurance – Informational","When insurance disputes go to appraisal","When insurance disputes go ...","California Real Estate Guide","Zyphe AI Insights","Learn about When insurance disputes go to appraisal in California. Timelines & legal frame","Free specialized guide for homeowners. Know your rights and responsibilities.","https://www.zyphe.com/insurance/when-insurance-disputes-go-to-appraisal","insurance","when-insurance-"
"Homeowners Insurance – Informational","What happens if claim is delayed?","claim is delayed","California Real Estate Guide","Zyphe AI Insights","Learn about What happens if claim is delayed? in California. Timelines & legal frameworks ","Free specialized guide for homeowners. Know your rights and responsibilities.","https://www.zyphe.com/insurance/what-happens-if-claim-is-delayed","insurance","what-happens-if"
"Homeowners Insurance – Informational","What documents insurers request","What documents insurers req...","California Real Estate Guide","Zyphe AI Insights","Learn about What documents insurers request in California. Timelines & legal frameworks ex","Free specialized guide for homeowners. Know your rights and responsibilities.","https://www.zyphe.com/insurance/what-documents-insurers-request","insurance","what-documents-"
"Homeowners Insurance – Informational","Can you reopen a closed claim?","Can you reopen a closed claim","California Real Estate Guide","Zyphe AI Insights","Learn about Can you reopen a closed claim? in California. Timelines & legal frameworks exp","Free specialized guide for homeowners. Know your rights and responsibilities.","https://www.zyphe.com/insurance/can-you-reopen-a-closed-claim","insurance","can-you-reopen-"
"Homeowners Insurance – Informational","How insurance settlement timelines work","How insurance settlement ti...","California Real Estate Guide","Zyphe AI Insights","Learn about How insurance settlement timelines work in California. Timelines & legal frame","Free specialized guide for homeowners. Know your rights and responsibilities.","https://www.zyphe.com/insurance/how-insurance-settlement-timelines-work","insurance","how-insurance-s"
"Escrow, Title & Closing – Informational","How long does escrow take in California?","How long does escrow take CA","California Real Estate Guide","Zyphe AI Insights","Learn about How long does escrow take in California? in California. Timelines & legal fram","Free specialized guide for homeowners. Know your rights and responsibilities.","https://www.zyphe.com/escrow/how-long-does-escrow-take-california","escrow","how-long-does-e"
"Escrow, Title & Closing – Informational","What happens after escrow opens?","What happens after escrow o...","California Real Estate Guide","Zyphe AI Insights","Learn about What happens after escrow opens? in California. Timelines & legal frameworks e","Free specialized guide for homeowners. Know your rights and responsibilities.","https://www.zyphe.com/escrow/what-happens-after-escrow-opens","escrow","what-happens-af"
"Escrow, Title & Closing – Informational","What delays escrow closing?","What delays escrow closing","California Real Estate Guide","Zyphe AI Insights","Learn about What delays escrow closing? in California. Timelines & legal frameworks explai","Free specialized guide for homeowners. Know your rights and responsibilities.","https://www.zyphe.com/escrow/what-delays-escrow-closing","escrow","what-delays-esc"
"Escrow, Title & Closing – Informational","What does “clear to close” mean?","What does “clear to close” ...","California Real Estate Guide","Zyphe AI Insights","Learn about What does “clear to close” mean? in California. Timelines & legal frameworks e","Free specialized guide for homeowners. Know your rights and responsibilities.","https://www.zyphe.com/escrow/what-does-clear-to-close-mean","escrow","what-does-clear"
"Escrow, Title & Closing – Informational","What is a preliminary title report?","What is a preliminary title...","California Real Estate Guide","Zyphe AI Insights","Learn about What is a preliminary title report? in California. Timelines & legal framework","Free specialized guide for homeowners. Know your rights and responsibilities.","https://www.zyphe.com/escrow/what-is-a-preliminary-title-report","escrow","what-is-a-preli"
"Escrow, Title & Closing – Informational","Common title defects explained","Common title defects explained","California Real Estate Guide","Zyphe AI Insights","Learn about Common title defects explained in California. Timelines & legal frameworks exp","Free specialized guide for homeowners. Know your rights and responsibilities.","https://www.zyphe.com/escrow/common-title-defects-explained","escrow","common-title-de"
"Escrow, Title & Closing – Informational","Can escrow close without repairs?","Can escrow close without re...","California Real Estate Guide","Zyphe AI Insights","Learn about Can escrow close without repairs? in California. Timelines & legal frameworks ","Free specialized guide for homeowners. Know your rights and responsibilities.","https://www.zyphe.com/escrow/can-escrow-close-without-repairs","escrow","can-escrow-clos"
"Escrow, Title & Closing – Informational","What happens if escrow doesn’t close on time?","escrow doesn’t close on time","California Real Estate Guide","Zyphe AI Insights","Learn about What happens if escrow doesn’t close on time? in California. Timelines & legal","Free specialized guide for homeowners. Know your rights and responsibilities.","https://www.zyphe.com/escrow/what-happens-if-escrow-doesnt-close-on-time","escrow","what-happens-if"
"Escrow, Title & Closing – Informational","Who chooses the title company?","Who chooses the title company","California Real Estate Guide","Zyphe AI Insights","Learn about Who chooses the title company? in California. Timelines & legal frameworks exp","Free specialized guide for homeowners. Know your rights and responsibilities.","https://www.zyphe.com/escrow/who-chooses-the-title-company","escrow","who-chooses-the"
"Escrow, Title & Closing – Informational","What happens if buyer backs out during escrow?","buyer backs out during escrow","California Real Estate Guide","Zyphe AI Insights","Learn about What happens if buyer backs out during escrow? in California. Timelines & lega","Free specialized guide for homeowners. Know your rights and responsibilities.","https://www.zyphe.com/escrow/what-happens-if-buyer-backs-out-during-escrow","escrow","what-happens-if"
"Escrow, Title & Closing – Informational","What is a final walkthrough?","What is a final walkthrough","California Real Estate Guide","Zyphe AI Insights","Learn about What is a final walkthrough? in California. Timelines & legal frameworks expla","Free specialized guide for homeowners. Know your rights and responsibilities.","https://www.zyphe.com/escrow/what-is-a-final-walkthrough","escrow","what-is-a-final"
"Escrow, Title & Closing – Informational","Can seller cancel escrow?","Can seller cancel escrow","California Real Estate Guide","Zyphe AI Insights","Learn about Can seller cancel escrow? in California. Timelines & legal frameworks explaine","Free specialized guide for homeowners. Know your rights and responsibilities.","https://www.zyphe.com/escrow/can-seller-cancel-escrow","escrow","can-seller-canc"
"Escrow, Title & Closing – Informational","What happens if appraisal comes in low?","appraisal comes in low","California Real Estate Guide","Zyphe AI Insights","Learn about What happens if appraisal comes in low? in California. Timelines & legal frame","Free specialized guide for homeowners. Know your rights and responsibilities.","https://www.zyphe.com/escrow/what-happens-if-appraisal-comes-in-low","escrow","what-happens-if"
"Escrow, Title & Closing – Informational","What contingencies protect buyers?","What contingencies protect ...","California Real Estate Guide","Zyphe AI Insights","Learn about What contingencies protect buyers? in California. Timelines & legal frameworks","Free specialized guide for homeowners. Know your rights and responsibilities.","https://www.zyphe.com/escrow/what-contingencies-protect-buyers","escrow","what-contingenc"
"Escrow, Title & Closing – Informational","What happens after offer acceptance?","What happens after offer ac...","California Real Estate Guide","Zyphe AI Insights","Learn about What happens after offer acceptance? in California. Timelines & legal framewor","Free specialized guide for homeowners. Know your rights and responsibilities.","https://www.zyphe.com/escrow/what-happens-after-offer-acceptance","escrow","what-happens-af"
"Escrow, Title & Closing – Informational","Can seller refuse repairs?","Can seller refuse repairs","California Real Estate Guide","Zyphe AI Insights","Learn about Can seller refuse repairs? in California. Timelines & legal frameworks explain","Free specialized guide for homeowners. Know your rights and responsibilities.","https://www.zyphe.com/escrow/can-seller-refuse-repairs","escrow","can-seller-refu"
"Escrow, Title & Closing – Informational","How escrow instructions work","How escrow instructions work","California Real Estate Guide","Zyphe AI Insights","Learn about How escrow instructions work in California. Timelines & legal frameworks expla","Free specialized guide for homeowners. Know your rights and responsibilities.","https://www.zyphe.com/escrow/how-escrow-instructions-work","escrow","how-escrow-inst"
"Escrow, Title & Closing – Informational","What happens at recording?","What happens at recording","California Real Estate Guide","Zyphe AI Insights","Learn about What happens at recording? in California. Timelines & legal frameworks explain","Free specialized guide for homeowners. Know your rights and responsibilities.","https://www.zyphe.com/escrow/what-happens-at-recording","escrow","what-happens-at"
"Escrow, Title & Closing – Informational","What happens after closing?","What happens after closing","California Real Estate Guide","Zyphe AI Insights","Learn about What happens after closing? in California. Timelines & legal frameworks explai","Free specialized guide for homeowners. Know your rights and responsibilities.","https://www.zyphe.com/escrow/what-happens-after-closing","escrow","what-happens-af"
"Escrow, Title & Closing – Informational","How escrow fees are calculated","How escrow fees are calculated","California Real Estate Guide","Zyphe AI Insights","Learn about How escrow fees are calculated in California. Timelines & legal frameworks exp","Free specialized guide for homeowners. Know your rights and responsibilities.","https://www.zyphe.com/escrow/how-escrow-fees-are-calculated","escrow","how-escrow-fees"
"Property Taxes & Assessments – Informational","What happens if property taxes go unpaid?","property taxes go unpaid","California Real Estate Guide","Zyphe AI Insights","Learn about What happens if property taxes go unpaid? in California. Timelines & legal fra","Free specialized guide for homeowners. Know your rights and responsibilities.","https://www.zyphe.com/property-taxes/what-happens-if-property-taxes-go-unpaid","property-taxes","what-happens-if"
"Property Taxes & Assessments – Informational","How long before a tax lien is placed?","How long before a tax lien ...","California Real Estate Guide","Zyphe AI Insights","Learn about How long before a tax lien is placed? in California. Timelines & legal framewo","Free specialized guide for homeowners. Know your rights and responsibilities.","https://www.zyphe.com/property-taxes/how-long-before-a-tax-lien-is-placed","property-taxes","how-long-before"
"Property Taxes & Assessments – Informational","What is a supplemental tax bill in California?","What is a supplemental tax ...","California Real Estate Guide","Zyphe AI Insights","Learn about What is a supplemental tax bill in California? in California. Timelines & lega","Free specialized guide for homeowners. Know your rights and responsibilities.","https://www.zyphe.com/property-taxes/supplemental-tax-bill-california","property-taxes","supplemental-ta"
"Property Taxes & Assessments – Informational","Why did my property taxes increase suddenly?","Why did my property taxes i...","California Real Estate Guide","Zyphe AI Insights","Learn about Why did my property taxes increase suddenly? in California. Timelines & legal ","Free specialized guide for homeowners. Know your rights and responsibilities.","https://www.zyphe.com/property-taxes/why-did-my-property-taxes-increase-suddenly","property-taxes","why-did-my-prop"
"Property Taxes & Assessments – Informational","What triggers reassessment?","What triggers reassessment","California Real Estate Guide","Zyphe AI Insights","Learn about What triggers reassessment? in California. Timelines & legal frameworks explai","Free specialized guide for homeowners. Know your rights and responsibilities.","https://www.zyphe.com/property-taxes/what-triggers-reassessment","property-taxes","what-triggers-r"
"Property Taxes & Assessments – Informational","What happens after filing a tax appeal?","What happens after filing a...","California Real Estate Guide","Zyphe AI Insights","Learn about What happens after filing a tax appeal? in California. Timelines & legal frame","Free specialized guide for homeowners. Know your rights and responsibilities.","https://www.zyphe.com/property-taxes/what-happens-after-filing-a-tax-appeal","property-taxes","what-happens-af"
"Property Taxes & Assessments – Informational","Can property taxes be deferred?","Can property taxes be deferred","California Real Estate Guide","Zyphe AI Insights","Learn about Can property taxes be deferred? in California. Timelines & legal frameworks ex","Free specialized guide for homeowners. Know your rights and responsibilities.","https://www.zyphe.com/property-taxes/can-property-taxes-be-deferred","property-taxes","can-property-ta"
"Property Taxes & Assessments – Informational","What is a tax-defaulted property?","What is a tax-defaulted pro...","California Real Estate Guide","Zyphe AI Insights","Learn about What is a tax-defaulted property? in California. Timelines & legal frameworks ","Free specialized guide for homeowners. Know your rights and responsibilities.","https://www.zyphe.com/property-taxes/what-is-a-tax-defaulted-property","property-taxes","what-is-a-tax-d"
"Property Taxes & Assessments – Informational","How property tax penalties work","How property tax penalties ...","California Real Estate Guide","Zyphe AI Insights","Learn about How property tax penalties work in California. Timelines & legal frameworks ex","Free specialized guide for homeowners. Know your rights and responsibilities.","https://www.zyphe.com/property-taxes/how-property-tax-penalties-work","property-taxes","how-property-ta"
"Property Taxes & Assessments – Informational","How to read a property tax bill","How to read a property tax ...","California Real Estate Guide","Zyphe AI Insights","Learn about How to read a property tax bill in California. Timelines & legal frameworks ex","Free specialized guide for homeowners. Know your rights and responsibilities.","https://www.zyphe.com/property-taxes/how-to-read-a-property-tax-bill","property-taxes","how-to-read-a-p"
"Property Taxes & Assessments – Informational","What exemptions reduce property taxes?","What exemptions reduce prop...","California Real Estate Guide","Zyphe AI Insights","Learn about What exemptions reduce property taxes? in California. Timelines & legal framew","Free specialized guide for homeowners. Know your rights and responsibilities.","https://www.zyphe.com/property-taxes/what-exemptions-reduce-property-taxes","property-taxes","what-exemptions"
"Property Taxes & Assessments – Informational","What happens after tax sale?","What happens after tax sale","California Real Estate Guide","Zyphe AI Insights","Learn about What happens after tax sale? in California. Timelines & legal frameworks expla","Free specialized guide for homeowners. Know your rights and responsibilities.","https://www.zyphe.com/property-taxes/what-happens-after-tax-sale","property-taxes","what-happens-af"
"Property Taxes & Assessments – Informational","Property tax vs special assessments","Property tax vs special ass...","California Real Estate Guide","Zyphe AI Insights","Learn about Property tax vs special assessments in California. Timelines & legal framework","Free specialized guide for homeowners. Know your rights and responsibilities.","https://www.zyphe.com/property-taxes/property-tax-vs-special-assessments","property-taxes","property-tax-vs"
"Property Taxes & Assessments – Informational","How inheritance affects property taxes","How inheritance affects pro...","California Real Estate Guide","Zyphe AI Insights","Learn about How inheritance affects property taxes in California. Timelines & legal framew","Free specialized guide for homeowners. Know your rights and responsibilities.","https://www.zyphe.com/property-taxes/how-inheritance-affects-property-taxes","property-taxes","how-inheritance"
"Property Taxes & Assessments – Informational","Proposition 13 explained (procedural)","Proposition 13 explained (p...","California Real Estate Guide","Zyphe AI Insights","Learn about Proposition 13 explained (procedural) in California. Timelines & legal framewo","Free specialized guide for homeowners. Know your rights and responsibilities.","https://www.zyphe.com/property-taxes/proposition-13-explained","property-taxes","proposition-13-"
"Maintenance, Liability & Disputes – Informational","Who pays for fence repairs between neighbors?","Who pays for fence repairs ...","California Real Estate Guide","Zyphe AI Insights","Learn about Who pays for fence repairs between neighbors? in California. Timelines & legal","Free specialized guide for homeowners. Know your rights and responsibilities.","https://www.zyphe.com/repairs-liability/who-pays-for-fence-repairs","repairs-liability","who-pays-for-fe"
"Maintenance, Liability & Disputes – Informational","Who is responsible for sidewalk injuries?","Who is responsible for side...","California Real Estate Guide","Zyphe AI Insights","Learn about Who is responsible for sidewalk injuries? in California. Timelines & legal fra","Free specialized guide for homeowners. Know your rights and responsibilities.","https://www.zyphe.com/repairs-liability/homeowner-liability-sidewalk-injuries","repairs-liability","homeowner-liabi"
"Maintenance, Liability & Disputes – Informational","Does homeowners insurance cover water leaks?","Does homeowners insurance c...","California Real Estate Guide","Zyphe AI Insights","Learn about Does homeowners insurance cover water leaks? in California. Timelines & legal ","Free specialized guide for homeowners. Know your rights and responsibilities.","https://www.zyphe.com/repairs-liability/does-homeowners-insurance-cover-water-leaks","repairs-liability","does-homeowners"
"Maintenance, Liability & Disputes – Informational","Who pays for sewer line repairs?","Who pays for sewer line rep...","California Real Estate Guide","Zyphe AI Insights","Learn about Who pays for sewer line repairs? in California. Timelines & legal frameworks e","Free specialized guide for homeowners. Know your rights and responsibilities.","https://www.zyphe.com/repairs-liability/who-pays-for-sewer-line-repairs","repairs-liability","who-pays-for-se"
"Maintenance, Liability & Disputes – Informational","What happens if unpermitted work is discovered?","unpermitted work is discovered","California Real Estate Guide","Zyphe AI Insights","Learn about What happens if unpermitted work is discovered? in California. Timelines & leg","Free specialized guide for homeowners. Know your rights and responsibilities.","https://www.zyphe.com/repairs-liability/ what-happens-if-unpermitted-work-is-discovered","repairs-liability"," what-happens-i"
"Maintenance, Liability & Disputes – Informational","Who is liable for tree damage?","Who is liable for tree damage","California Real Estate Guide","Zyphe AI Insights","Learn about Who is liable for tree damage? in California. Timelines & legal frameworks exp","Free specialized guide for homeowners. Know your rights and responsibilities.","https://www.zyphe.com/repairs-liability/who-is-liable-for-tree-damage","repairs-liability","who-is-liable-f"
"Maintenance, Liability & Disputes – Informational","Shared driveway maintenance rules","Shared driveway maintenance...","California Real Estate Guide","Zyphe AI Insights","Learn about Shared driveway maintenance rules in California. Timelines & legal frameworks ","Free specialized guide for homeowners. Know your rights and responsibilities.","https://www.zyphe.com/repairs-liability/shared-driveway-maintenance-rules","repairs-liability","shared-driveway"
"Maintenance, Liability & Disputes – Informational","What is normal wear and tear?","What is normal wear & tear","California Real Estate Guide","Zyphe AI Insights","Learn about What is normal wear and tear? in California. Timelines & legal frameworks expl","Free specialized guide for homeowners. Know your rights and responsibilities.","https://www.zyphe.com/repairs-liability/what-is-normal-wear-and-tear","repairs-liability","what-is-normal-"
"Maintenance, Liability & Disputes – Informational","Mold liability between parties","Mold liability between parties","California Real Estate Guide","Zyphe AI Insights","Learn about Mold liability between parties in California. Timelines & legal frameworks exp","Free specialized guide for homeowners. Know your rights and responsibilities.","https://www.zyphe.com/repairs-liability/mold-liability-between-parties","repairs-liability","mold-liability-"
"Maintenance, Liability & Disputes – Informational","What happens if contractor damages property?","contractor damages property","California Real Estate Guide","Zyphe AI Insights","Learn about What happens if contractor damages property? in California. Timelines & legal ","Free specialized guide for homeowners. Know your rights and responsibilities.","https://www.zyphe.com/repairs-liability/what-happens-if-contractor-damages-property","repairs-liability","what-happens-if"
"Maintenance, Liability & Disputes – Informational","Can homeowner be sued for injuries?","Can homeowner be sued for i...","California Real Estate Guide","Zyphe AI Insights","Learn about Can homeowner be sued for injuries? in California. Timelines & legal framework","Free specialized guide for homeowners. Know your rights and responsibilities.","https://www.zyphe.com/repairs-liability/can-homeowner-be-sued-for-injuries","repairs-liability","can-homeowner-b"
"Maintenance, Liability & Disputes – Informational","What happens after a code violation notice?","What happens after a code v...","California Real Estate Guide","Zyphe AI Insights","Learn about What happens after a code violation notice? in California. Timelines & legal f","Free specialized guide for homeowners. Know your rights and responsibilities.","https://www.zyphe.com/repairs-liability/what-happens-after-a-code-violation-notice","repairs-liability","what-happens-af"
"Maintenance, Liability & Disputes – Informational","How building permits affect resale","How building permits affect...","California Real Estate Guide","Zyphe AI Insights","Learn about How building permits affect resale in California. Timelines & legal frameworks","Free specialized guide for homeowners. Know your rights and responsibilities.","https://www.zyphe.com/repairs-liability/how-building-permits-affect-resale","repairs-liability","how-building-pe"
"Maintenance, Liability & Disputes – Informational","Boundary disputes explained","Boundary disputes explained","California Real Estate Guide","Zyphe AI Insights","Learn about Boundary disputes explained in California. Timelines & legal frameworks explai","Free specialized guide for homeowners. Know your rights and responsibilities.","https://www.zyphe.com/repairs-liability/boundary-disputes-explained","repairs-liability","boundary-disput"
"Maintenance, Liability & Disputes – Informational","Easement disputes explained","Easement disputes explained","California Real Estate Guide","Zyphe AI Insights","Learn about Easement disputes explained in California. Timelines & legal frameworks explai","Free specialized guide for homeowners. Know your rights and responsibilities.","https://www.zyphe.com/repairs-liability/easement-disputes-explained","repairs-liability","easement-disput"