Campaign,Ad Group,Keyword,Criterion Type,Final URL
"HOA & Community Rules – Informational","What happens if HOA fines go unpaid in California?","[what happens if hoa fines go unpaid california]","Exact","https://www.zyphe.com/hoa/what-happens-if-hoa-fines-go-unpaid-california"
"HOA & Community Rules – Informational","What happens if HOA fines go unpaid in California?",""what happens if hoa fines go unpaid california"","Phrase","https://www.zyphe.com/hoa/what-happens-if-hoa-fines-go-unpaid-california"
"HOA & Community Rules – Informational","What happens if HOA fines go unpaid in California?","[what happens if hoa fines go unpaid in california]","Exact","https://www.zyphe.com/hoa/what-happens-if-hoa-fines-go-unpaid-california"
"HOA & Community Rules – Informational","What happens if HOA fines go unpaid in California?",""what happens if hoa fines go unpaid in california"","Phrase","https://www.zyphe.com/hoa/what-happens-if-hoa-fines-go-unpaid-california"
"HOA & Community Rules – Informational","Can an HOA place a lien on your home in CA?","[hoa lien process california]","Exact","https://www.zyphe.com/hoa/hoa-lien-process-california"
"HOA & Community Rules – Informational","Can an HOA place a lien on your home in CA?",""hoa lien process california"","Phrase","https://www.zyphe.com/hoa/hoa-lien-process-california"
"HOA & Community Rules – Informational","How long before HOA can foreclose in California?","[hoa foreclosure timeline california]","Exact","https://www.zyphe.com/hoa/hoa-foreclosure-timeline-california"
"HOA & Community Rules – Informational","How long before HOA can foreclose in California?",""hoa foreclosure timeline california"","Phrase","https://www.zyphe.com/hoa/hoa-foreclosure-timeline-california"
"HOA & Community Rules – Informational","Can HOA increase dues without homeowner approval?","[can hoa increase dues without homeowner approval]","Exact","https://www.zyphe.com/hoa/can-hoa-increase-dues-without-homeowner-approval"
"HOA & Community Rules – Informational","Can HOA increase dues without homeowner approval?",""can hoa increase dues without homeowner approval"","Phrase","https://www.zyphe.com/hoa/can-hoa-increase-dues-without-homeowner-approval"
"HOA & Community Rules – Informational","What is an HOA special assessment?","[what is an hoa special assessment]","Exact","https://www.zyphe.com/hoa/what-is-an-hoa-special-assessment"
"HOA & Community Rules – Informational","What is an HOA special assessment?",""what is an hoa special assessment"","Phrase","https://www.zyphe.com/hoa/what-is-an-hoa-special-assessment"
"HOA & Community Rules – Informational","What is an HOA special assessment?","[what is an hoa special assessment california]","Exact","https://www.zyphe.com/hoa/what-is-an-hoa-special-assessment"
"HOA & Community Rules – Informational","What is an HOA special assessment?",""what is an hoa special assessment california"","Phrase","https://www.zyphe.com/hoa/what-is-an-hoa-special-assessment"
"HOA & Community Rules – Informational","Can HOA deny exterior changes?","[can hoa deny exterior changes]","Exact","https://www.zyphe.com/hoa/can-hoa-deny-exterior-changes"
"HOA & Community Rules – Informational","Can HOA deny exterior changes?",""can hoa deny exterior changes"","Phrase","https://www.zyphe.com/hoa/can-hoa-deny-exterior-changes"
"HOA & Community Rules – Informational","Can HOA restrict rentals in California?","[can hoa restrict rentals in california]","Exact","https://www.zyphe.com/hoa/can-hoa-restrict-rentals-in-california"
"HOA & Community Rules – Informational","Can HOA restrict rentals in California?",""can hoa restrict rentals in california"","Phrase","https://www.zyphe.com/hoa/can-hoa-restrict-rentals-in-california"
"HOA & Community Rules – Informational","What happens if you ignore HOA violation notices?","[what happens if you ignore hoa violation notices]","Exact","https://www.zyphe.com/hoa/what-happens-if-you-ignore-hoa-violation-notices"
"HOA & Community Rules – Informational","What happens if you ignore HOA violation notices?",""what happens if you ignore hoa violation notices"","Phrase","https://www.zyphe.com/hoa/what-happens-if-you-ignore-hoa-violation-notices"
"HOA & Community Rules – Informational","What happens if you ignore HOA violation notices?","[what happens if you ignore hoa violation notices california]","Exact","https://www.zyphe.com/hoa/what-happens-if-you-ignore-hoa-violation-notices"
"HOA & Community Rules – Informational","What happens if you ignore HOA violation notices?",""what happens if you ignore hoa violation notices california"","Phrase","https://www.zyphe.com/hoa/what-happens-if-you-ignore-hoa-violation-notices"
"HOA & Community Rules – Informational","Can HOA tow your car from your driveway?","[can hoa tow your car from your driveway]","Exact","https://www.zyphe.com/hoa/can-hoa-tow-your-car-from-your-driveway"
"HOA & Community Rules – Informational","Can HOA tow your car from your driveway?",""can hoa tow your car from your driveway"","Phrase","https://www.zyphe.com/hoa/can-hoa-tow-your-car-from-your-driveway"
"HOA & Community Rules – Informational","HOA dispute process explained","[hoa dispute process explained]","Exact","https://www.zyphe.com/hoa/hoa-dispute-process-explained"
"HOA & Community Rules – Informational","HOA dispute process explained",""hoa dispute process explained"","Phrase","https://www.zyphe.com/hoa/hoa-dispute-process-explained"
"HOA & Community Rules – Informational","HOA dispute process explained","[hoa dispute process explained california]","Exact","https://www.zyphe.com/hoa/hoa-dispute-process-explained"
"HOA & Community Rules – Informational","HOA dispute process explained",""hoa dispute process explained california"","Phrase","https://www.zyphe.com/hoa/hoa-dispute-process-explained"
"HOA & Community Rules – Informational","Can HOA fine without notice?","[can hoa fine without notice]","Exact","https://www.zyphe.com/hoa/can-hoa-fine-without-notice"
"HOA & Community Rules – Informational","Can HOA fine without notice?",""can hoa fine without notice"","Phrase","https://www.zyphe.com/hoa/can-hoa-fine-without-notice"
"HOA & Community Rules – Informational","What rights do homeowners have against HOA?","[what rights do homeowners have against hoa]","Exact","https://www.zyphe.com/hoa/what-rights-do-homeowners-have-against-hoa"
"HOA & Community Rules – Informational","What rights do homeowners have against HOA?",""what rights do homeowners have against hoa"","Phrase","https://www.zyphe.com/hoa/what-rights-do-homeowners-have-against-hoa"
"HOA & Community Rules – Informational","What rights do homeowners have against HOA?","[what rights do homeowners have against hoa california]","Exact","https://www.zyphe.com/hoa/what-rights-do-homeowners-have-against-hoa"
"HOA & Community Rules – Informational","What rights do homeowners have against HOA?",""what rights do homeowners have against hoa california"","Phrase","https://www.zyphe.com/hoa/what-rights-do-homeowners-have-against-hoa"
"HOA & Community Rules – Informational","How HOA collections work","[how hoa collections work]","Exact","https://www.zyphe.com/hoa/how-hoa-collections-work"
"HOA & Community Rules – Informational","How HOA collections work",""how hoa collections work"","Phrase","https://www.zyphe.com/hoa/how-hoa-collections-work"
"HOA & Community Rules – Informational","How HOA collections work","[how hoa collections work california]","Exact","https://www.zyphe.com/hoa/how-hoa-collections-work"
"HOA & Community Rules – Informational","How HOA collections work",""how hoa collections work california"","Phrase","https://www.zyphe.com/hoa/how-hoa-collections-work"
"HOA & Community Rules – Informational","What happens after HOA sends a demand letter?","[what happens after hoa sends a demand letter]","Exact","https://www.zyphe.com/hoa/what-happens-after-hoa-sends-a-demand-letter"
"HOA & Community Rules – Informational","What happens after HOA sends a demand letter?",""what happens after hoa sends a demand letter"","Phrase","https://www.zyphe.com/hoa/what-happens-after-hoa-sends-a-demand-letter"
"HOA & Community Rules – Informational","What happens after HOA sends a demand letter?","[what happens after hoa sends a demand letter california]","Exact","https://www.zyphe.com/hoa/what-happens-after-hoa-sends-a-demand-letter"
"HOA & Community Rules – Informational","What happens after HOA sends a demand letter?",""what happens after hoa sends a demand letter california"","Phrase","https://www.zyphe.com/hoa/what-happens-after-hoa-sends-a-demand-letter"
"HOA & Community Rules – Informational","Can HOA charge late fees?","[can hoa charge late fees]","Exact","https://www.zyphe.com/hoa/can-hoa-charge-late-fees"
"HOA & Community Rules – Informational","Can HOA charge late fees?",""can hoa charge late fees"","Phrase","https://www.zyphe.com/hoa/can-hoa-charge-late-fees"
"HOA & Community Rules – Informational","HOA vs homeowner insurance responsibility","[hoa vs homeowner insurance responsibility]","Exact","https://www.zyphe.com/hoa/hoa-vs-homeowner-insurance-responsibility"
"HOA & Community Rules – Informational","HOA vs homeowner insurance responsibility",""hoa vs homeowner insurance responsibility"","Phrase","https://www.zyphe.com/hoa/hoa-vs-homeowner-insurance-responsibility"
"HOA & Community Rules – Informational","HOA vs homeowner insurance responsibility","[hoa vs homeowner insurance responsibility california]","Exact","https://www.zyphe.com/hoa/hoa-vs-homeowner-insurance-responsibility"
"HOA & Community Rules – Informational","HOA vs homeowner insurance responsibility",""hoa vs homeowner insurance responsibility california"","Phrase","https://www.zyphe.com/hoa/hoa-vs-homeowner-insurance-responsibility"
"HOA & Community Rules – Informational","What documents govern HOA authority?","[what documents govern hoa authority]","Exact","https://www.zyphe.com/hoa/what-documents-govern-hoa-authority"
"HOA & Community Rules – Informational","What documents govern HOA authority?",""what documents govern hoa authority"","Phrase","https://www.zyphe.com/hoa/what-documents-govern-hoa-authority"
"HOA & Community Rules – Informational","What documents govern HOA authority?","[what documents govern hoa authority california]","Exact","https://www.zyphe.com/hoa/what-documents-govern-hoa-authority"
"HOA & Community Rules – Informational","What documents govern HOA authority?",""what documents govern hoa authority california"","Phrase","https://www.zyphe.com/hoa/what-documents-govern-hoa-authority"
"HOA & Community Rules – Informational","Can HOA foreclose for unpaid dues?","[can hoa foreclose for unpaid dues]","Exact","https://www.zyphe.com/hoa/can-hoa-foreclose-for-unpaid-dues"
"HOA & Community Rules – Informational","Can HOA foreclose for unpaid dues?",""can hoa foreclose for unpaid dues"","Phrase","https://www.zyphe.com/hoa/can-hoa-foreclose-for-unpaid-dues"
"HOA & Community Rules – Informational","How to request HOA records","[how to request hoa records]","Exact","https://www.zyphe.com/hoa/how-to-request-hoa-records"
"HOA & Community Rules – Informational","How to request HOA records",""how to request hoa records"","Phrase","https://www.zyphe.com/hoa/how-to-request-hoa-records"
"HOA & Community Rules – Informational","How to request HOA records","[how to request hoa records california]","Exact","https://www.zyphe.com/hoa/how-to-request-hoa-records"
"HOA & Community Rules – Informational","How to request HOA records",""how to request hoa records california"","Phrase","https://www.zyphe.com/hoa/how-to-request-hoa-records"
"HOA & Community Rules – Informational","HOA election and board powers explained","[hoa election and board powers explained]","Exact","https://www.zyphe.com/hoa/hoa-election-and-board-powers-explained"
"HOA & Community Rules – Informational","HOA election and board powers explained",""hoa election and board powers explained"","Phrase","https://www.zyphe.com/hoa/hoa-election-and-board-powers-explained"
"HOA & Community Rules – Informational","HOA election and board powers explained","[hoa election and board powers explained california]","Exact","https://www.zyphe.com/hoa/hoa-election-and-board-powers-explained"
"HOA & Community Rules – Informational","HOA election and board powers explained",""hoa election and board powers explained california"","Phrase","https://www.zyphe.com/hoa/hoa-election-and-board-powers-explained"
"Homeowners Insurance – Informational","Why was my homeowners insurance claim denied?","[homeowners insurance claim denied]","Exact","https://www.zyphe.com/insurance/homeowners-insurance-claim-denied"
"Homeowners Insurance – Informational","Why was my homeowners insurance claim denied?",""homeowners insurance claim denied"","Phrase","https://www.zyphe.com/insurance/homeowners-insurance-claim-denied"
"Homeowners Insurance – Informational","Why was my homeowners insurance claim denied?","[why was my homeowners insurance claim denied california]","Exact","https://www.zyphe.com/insurance/homeowners-insurance-claim-denied"
"Homeowners Insurance – Informational","Why was my homeowners insurance claim denied?",""why was my homeowners insurance claim denied california"","Phrase","https://www.zyphe.com/insurance/homeowners-insurance-claim-denied"
"Homeowners Insurance – Informational","What happens after filing a homeowners claim?","[what happens after filing a homeowners claim]","Exact","https://www.zyphe.com/insurance/what-happens-after-filing-a-homeowners-claim"
"Homeowners Insurance – Informational","What happens after filing a homeowners claim?",""what happens after filing a homeowners claim"","Phrase","https://www.zyphe.com/insurance/what-happens-after-filing-a-homeowners-claim"
"Homeowners Insurance – Informational","What happens after filing a homeowners claim?","[what happens after filing a homeowners claim california]","Exact","https://www.zyphe.com/insurance/what-happens-after-filing-a-homeowners-claim"
"Homeowners Insurance – Informational","What happens after filing a homeowners claim?",""what happens after filing a homeowners claim california"","Phrase","https://www.zyphe.com/insurance/what-happens-after-filing-a-homeowners-claim"
"Homeowners Insurance – Informational","How long does an insurance investigation take?","[insurance adjuster investigation timeline]","Exact","https://www.zyphe.com/insurance/insurance-adjuster-investigation-timeline"
"Homeowners Insurance – Informational","How long does an insurance investigation take?",""insurance adjuster investigation timeline"","Phrase","https://www.zyphe.com/insurance/insurance-adjuster-investigation-timeline"
"Homeowners Insurance – Informational","How long does an insurance investigation take?","[how long does an insurance investigation take california]","Exact","https://www.zyphe.com/insurance/insurance-adjuster-investigation-timeline"
"Homeowners Insurance – Informational","How long does an insurance investigation take?",""how long does an insurance investigation take california"","Phrase","https://www.zyphe.com/insurance/insurance-adjuster-investigation-timeline"
"Homeowners Insurance – Informational","What does an insurance adjuster do?","[what does an insurance adjuster do]","Exact","https://www.zyphe.com/insurance/what-does-an-insurance-adjuster-do"
"Homeowners Insurance – Informational","What does an insurance adjuster do?",""what does an insurance adjuster do"","Phrase","https://www.zyphe.com/insurance/what-does-an-insurance-adjuster-do"
"Homeowners Insurance – Informational","What does an insurance adjuster do?","[what does an insurance adjuster do california]","Exact","https://www.zyphe.com/insurance/what-does-an-insurance-adjuster-do"
"Homeowners Insurance – Informational","What does an insurance adjuster do?",""what does an insurance adjuster do california"","Phrase","https://www.zyphe.com/insurance/what-does-an-insurance-adjuster-do"
"Homeowners Insurance – Informational","Replacement cost vs actual cash value","[replacement cost vs actual cash value]","Exact","https://www.zyphe.com/insurance/replacement-cost-vs-actual-cash-value"
"Homeowners Insurance – Informational","Replacement cost vs actual cash value",""replacement cost vs actual cash value"","Phrase","https://www.zyphe.com/insurance/replacement-cost-vs-actual-cash-value"
"Homeowners Insurance – Informational","Does filing a claim raise premiums?","[does filing a claim raise premiums]","Exact","https://www.zyphe.com/insurance/does-filing-a-claim-raise-premiums"
"Homeowners Insurance – Informational","Does filing a claim raise premiums?",""does filing a claim raise premiums"","Phrase","https://www.zyphe.com/insurance/does-filing-a-claim-raise-premiums"
"Homeowners Insurance – Informational","Does filing a claim raise premiums?","[does filing a claim raise premiums california]","Exact","https://www.zyphe.com/insurance/does-filing-a-claim-raise-premiums"
"Homeowners Insurance – Informational","Does filing a claim raise premiums?",""does filing a claim raise premiums california"","Phrase","https://www.zyphe.com/insurance/does-filing-a-claim-raise-premiums"
"Homeowners Insurance – Informational","What damages are excluded from homeowners insurance?","[what damages are excluded from homeowners insurance]","Exact","https://www.zyphe.com/insurance/what-damages-are-excluded-from-homeowners-insurance"
"Homeowners Insurance – Informational","What damages are excluded from homeowners insurance?",""what damages are excluded from homeowners insurance"","Phrase","https://www.zyphe.com/insurance/what-damages-are-excluded-from-homeowners-insurance"
"Homeowners Insurance – Informational","What damages are excluded from homeowners insurance?","[what damages are excluded from homeowners insurance california]","Exact","https://www.zyphe.com/insurance/what-damages-are-excluded-from-homeowners-insurance"
"Homeowners Insurance – Informational","What damages are excluded from homeowners insurance?",""what damages are excluded from homeowners insurance california"","Phrase","https://www.zyphe.com/insurance/what-damages-are-excluded-from-homeowners-insurance"
"Homeowners Insurance – Informational","Can insurance cancel coverage after a claim?","[can insurance cancel coverage after a claim]","Exact","https://www.zyphe.com/insurance/can-insurance-cancel-coverage-after-a-claim"
"Homeowners Insurance – Informational","Can insurance cancel coverage after a claim?",""can insurance cancel coverage after a claim"","Phrase","https://www.zyphe.com/insurance/can-insurance-cancel-coverage-after-a-claim"
"Homeowners Insurance – Informational","What is subrogation in homeowners insurance?","[what is subrogation in homeowners insurance]","Exact","https://www.zyphe.com/insurance/what-is-subrogation-in-homeowners-insurance"
"Homeowners Insurance – Informational","What is subrogation in homeowners insurance?",""what is subrogation in homeowners insurance"","Phrase","https://www.zyphe.com/insurance/what-is-subrogation-in-homeowners-insurance"
"Homeowners Insurance – Informational","What is subrogation in homeowners insurance?","[what is subrogation in homeowners insurance california]","Exact","https://www.zyphe.com/insurance/what-is-subrogation-in-homeowners-insurance"
"Homeowners Insurance – Informational","What is subrogation in homeowners insurance?",""what is subrogation in homeowners insurance california"","Phrase","https://www.zyphe.com/insurance/what-is-subrogation-in-homeowners-insurance"
"Homeowners Insurance – Informational","What if insurance payout is less than repair cost?","[what if insurance payout is less than repair cost]","Exact","https://www.zyphe.com/insurance/what-if-insurance-payout-is-less-than-repair-cost"
"Homeowners Insurance – Informational","What if insurance payout is less than repair cost?",""what if insurance payout is less than repair cost"","Phrase","https://www.zyphe.com/insurance/what-if-insurance-payout-is-less-than-repair-cost"
"Homeowners Insurance – Informational","What if insurance payout is less than repair cost?","[what if insurance payout is less than repair cost california]","Exact","https://www.zyphe.com/insurance/what-if-insurance-payout-is-less-than-repair-cost"
"Homeowners Insurance – Informational","What if insurance payout is less than repair cost?",""what if insurance payout is less than repair cost california"","Phrase","https://www.zyphe.com/insurance/what-if-insurance-payout-is-less-than-repair-cost"
"Homeowners Insurance – Informational","Water damage vs flood damage explained","[water damage vs flood damage explained]","Exact","https://www.zyphe.com/insurance/water-damage-vs-flood-damage-explained"
"Homeowners Insurance – Informational","Water damage vs flood damage explained",""water damage vs flood damage explained"","Phrase","https://www.zyphe.com/insurance/water-damage-vs-flood-damage-explained"
"Homeowners Insurance – Informational","Water damage vs flood damage explained","[water damage vs flood damage explained california]","Exact","https://www.zyphe.com/insurance/water-damage-vs-flood-damage-explained"
"Homeowners Insurance – Informational","Water damage vs flood damage explained",""water damage vs flood damage explained california"","Phrase","https://www.zyphe.com/insurance/water-damage-vs-flood-damage-explained"
"Homeowners Insurance – Informational","Mold coverage explained","[mold coverage explained]","Exact","https://www.zyphe.com/insurance/mold-coverage-explained"
"Homeowners Insurance – Informational","Mold coverage explained",""mold coverage explained"","Phrase","https://www.zyphe.com/insurance/mold-coverage-explained"
"Homeowners Insurance – Informational","Mold coverage explained","[mold coverage explained california]","Exact","https://www.zyphe.com/insurance/mold-coverage-explained"
"Homeowners Insurance – Informational","Mold coverage explained",""mold coverage explained california"","Phrase","https://www.zyphe.com/insurance/mold-coverage-explained"
"Homeowners Insurance – Informational","Fire damage claim process","[fire damage claim process]","Exact","https://www.zyphe.com/insurance/fire-damage-claim-process"
"Homeowners Insurance – Informational","Fire damage claim process",""fire damage claim process"","Phrase","https://www.zyphe.com/insurance/fire-damage-claim-process"
"Homeowners Insurance – Informational","Fire damage claim process","[fire damage claim process california]","Exact","https://www.zyphe.com/insurance/fire-damage-claim-process"
"Homeowners Insurance – Informational","Fire damage claim process",""fire damage claim process california"","Phrase","https://www.zyphe.com/insurance/fire-damage-claim-process"
"Homeowners Insurance – Informational","What is loss of use coverage?","[what is loss of use coverage]","Exact","https://www.zyphe.com/insurance/what-is-loss-of-use-coverage"
"Homeowners Insurance – Informational","What is loss of use coverage?",""what is loss of use coverage"","Phrase","https://www.zyphe.com/insurance/what-is-loss-of-use-coverage"
"Homeowners Insurance – Informational","What is loss of use coverage?","[what is loss of use coverage california]","Exact","https://www.zyphe.com/insurance/what-is-loss-of-use-coverage"
"Homeowners Insurance – Informational","What is loss of use coverage?",""what is loss of use coverage california"","Phrase","https://www.zyphe.com/insurance/what-is-loss-of-use-coverage"
"Homeowners Insurance – Informational","How insurance depreciation works","[how insurance depreciation works]","Exact","https://www.zyphe.com/insurance/how-insurance-depreciation-works"
"Homeowners Insurance – Informational","How insurance depreciation works",""how insurance depreciation works"","Phrase","https://www.zyphe.com/insurance/how-insurance-depreciation-works"
"Homeowners Insurance – Informational","How insurance depreciation works","[how insurance depreciation works california]","Exact","https://www.zyphe.com/insurance/how-insurance-depreciation-works"
"Homeowners Insurance – Informational","How insurance depreciation works",""how insurance depreciation works california"","Phrase","https://www.zyphe.com/insurance/how-insurance-depreciation-works"
"Homeowners Insurance – Informational","When insurance disputes go to appraisal","[when insurance disputes go to appraisal]","Exact","https://www.zyphe.com/insurance/when-insurance-disputes-go-to-appraisal"
"Homeowners Insurance – Informational","When insurance disputes go to appraisal",""when insurance disputes go to appraisal"","Phrase","https://www.zyphe.com/insurance/when-insurance-disputes-go-to-appraisal"
"Homeowners Insurance – Informational","When insurance disputes go to appraisal","[when insurance disputes go to appraisal california]","Exact","https://www.zyphe.com/insurance/when-insurance-disputes-go-to-appraisal"
"Homeowners Insurance – Informational","When insurance disputes go to appraisal",""when insurance disputes go to appraisal california"","Phrase","https://www.zyphe.com/insurance/when-insurance-disputes-go-to-appraisal"
"Homeowners Insurance – Informational","What happens if claim is delayed?","[what happens if claim is delayed]","Exact","https://www.zyphe.com/insurance/what-happens-if-claim-is-delayed"
"Homeowners Insurance – Informational","What happens if claim is delayed?",""what happens if claim is delayed"","Phrase","https://www.zyphe.com/insurance/what-happens-if-claim-is-delayed"
"Homeowners Insurance – Informational","What happens if claim is delayed?","[what happens if claim is delayed california]","Exact","https://www.zyphe.com/insurance/what-happens-if-claim-is-delayed"
"Homeowners Insurance – Informational","What happens if claim is delayed?",""what happens if claim is delayed california"","Phrase","https://www.zyphe.com/insurance/what-happens-if-claim-is-delayed"
"Homeowners Insurance – Informational","What documents insurers request","[what documents insurers request]","Exact","https://www.zyphe.com/insurance/what-documents-insurers-request"
"Homeowners Insurance – Informational","What documents insurers request",""what documents insurers request"","Phrase","https://www.zyphe.com/insurance/what-documents-insurers-request"
"Homeowners Insurance – Informational","What documents insurers request","[what documents insurers request california]","Exact","https://www.zyphe.com/insurance/what-documents-insurers-request"
"Homeowners Insurance – Informational","What documents insurers request",""what documents insurers request california"","Phrase","https://www.zyphe.com/insurance/what-documents-insurers-request"
"Homeowners Insurance – Informational","Can you reopen a closed claim?","[can you reopen a closed claim]","Exact","https://www.zyphe.com/insurance/can-you-reopen-a-closed-claim"
"Homeowners Insurance – Informational","Can you reopen a closed claim?",""can you reopen a closed claim"","Phrase","https://www.zyphe.com/insurance/can-you-reopen-a-closed-claim"
"Homeowners Insurance – Informational","How insurance settlement timelines work","[how insurance settlement timelines work]","Exact","https://www.zyphe.com/insurance/how-insurance-settlement-timelines-work"
"Homeowners Insurance – Informational","How insurance settlement timelines work",""how insurance settlement timelines work"","Phrase","https://www.zyphe.com/insurance/how-insurance-settlement-timelines-work"
"Homeowners Insurance – Informational","How insurance settlement timelines work","[how insurance settlement timelines work california]","Exact","https://www.zyphe.com/insurance/how-insurance-settlement-timelines-work"
"Homeowners Insurance – Informational","How insurance settlement timelines work",""how insurance settlement timelines work california"","Phrase","https://www.zyphe.com/insurance/how-insurance-settlement-timelines-work"
"Escrow, Title & Closing – Informational","How long does escrow take in California?","[how long does escrow take california]","Exact","https://www.zyphe.com/escrow/how-long-does-escrow-take-california"
"Escrow, Title & Closing – Informational","How long does escrow take in California?",""how long does escrow take california"","Phrase","https://www.zyphe.com/escrow/how-long-does-escrow-take-california"
"Escrow, Title & Closing – Informational","How long does escrow take in California?","[how long does escrow take in california]","Exact","https://www.zyphe.com/escrow/how-long-does-escrow-take-california"
"Escrow, Title & Closing – Informational","How long does escrow take in California?",""how long does escrow take in california"","Phrase","https://www.zyphe.com/escrow/how-long-does-escrow-take-california"
"Escrow, Title & Closing – Informational","What happens after escrow opens?","[what happens after escrow opens]","Exact","https://www.zyphe.com/escrow/what-happens-after-escrow-opens"
"Escrow, Title & Closing – Informational","What happens after escrow opens?",""what happens after escrow opens"","Phrase","https://www.zyphe.com/escrow/what-happens-after-escrow-opens"
"Escrow, Title & Closing – Informational","What happens after escrow opens?","[what happens after escrow opens california]","Exact","https://www.zyphe.com/escrow/what-happens-after-escrow-opens"
"Escrow, Title & Closing – Informational","What happens after escrow opens?",""what happens after escrow opens california"","Phrase","https://www.zyphe.com/escrow/what-happens-after-escrow-opens"
"Escrow, Title & Closing – Informational","What delays escrow closing?","[what delays escrow closing]","Exact","https://www.zyphe.com/escrow/what-delays-escrow-closing"
"Escrow, Title & Closing – Informational","What delays escrow closing?",""what delays escrow closing"","Phrase","https://www.zyphe.com/escrow/what-delays-escrow-closing"
"Escrow, Title & Closing – Informational","What delays escrow closing?","[what delays escrow closing california]","Exact","https://www.zyphe.com/escrow/what-delays-escrow-closing"
"Escrow, Title & Closing – Informational","What delays escrow closing?",""what delays escrow closing california"","Phrase","https://www.zyphe.com/escrow/what-delays-escrow-closing"
"Escrow, Title & Closing – Informational","What does “clear to close” mean?","[what does clear to close mean]","Exact","https://www.zyphe.com/escrow/what-does-clear-to-close-mean"
"Escrow, Title & Closing – Informational","What does “clear to close” mean?",""what does clear to close mean"","Phrase","https://www.zyphe.com/escrow/what-does-clear-to-close-mean"
"Escrow, Title & Closing – Informational","What does “clear to close” mean?","[what does “clear to close” mean california]","Exact","https://www.zyphe.com/escrow/what-does-clear-to-close-mean"
"Escrow, Title & Closing – Informational","What does “clear to close” mean?",""what does “clear to close” mean california"","Phrase","https://www.zyphe.com/escrow/what-does-clear-to-close-mean"
"Escrow, Title & Closing – Informational","What is a preliminary title report?","[what is a preliminary title report]","Exact","https://www.zyphe.com/escrow/what-is-a-preliminary-title-report"
"Escrow, Title & Closing – Informational","What is a preliminary title report?",""what is a preliminary title report"","Phrase","https://www.zyphe.com/escrow/what-is-a-preliminary-title-report"
"Escrow, Title & Closing – Informational","What is a preliminary title report?","[what is a preliminary title report california]","Exact","https://www.zyphe.com/escrow/what-is-a-preliminary-title-report"
"Escrow, Title & Closing – Informational","What is a preliminary title report?",""what is a preliminary title report california"","Phrase","https://www.zyphe.com/escrow/what-is-a-preliminary-title-report"
"Escrow, Title & Closing – Informational","Common title defects explained","[common title defects explained]","Exact","https://www.zyphe.com/escrow/common-title-defects-explained"
"Escrow, Title & Closing – Informational","Common title defects explained",""common title defects explained"","Phrase","https://www.zyphe.com/escrow/common-title-defects-explained"
"Escrow, Title & Closing – Informational","Common title defects explained","[common title defects explained california]","Exact","https://www.zyphe.com/escrow/common-title-defects-explained"
"Escrow, Title & Closing – Informational","Common title defects explained",""common title defects explained california"","Phrase","https://www.zyphe.com/escrow/common-title-defects-explained"
"Escrow, Title & Closing – Informational","Can escrow close without repairs?","[can escrow close without repairs]","Exact","https://www.zyphe.com/escrow/can-escrow-close-without-repairs"
"Escrow, Title & Closing – Informational","Can escrow close without repairs?",""can escrow close without repairs"","Phrase","https://www.zyphe.com/escrow/can-escrow-close-without-repairs"
"Escrow, Title & Closing – Informational","What happens if escrow doesn’t close on time?","[what happens if escrow doesnt close on time]","Exact","https://www.zyphe.com/escrow/what-happens-if-escrow-doesnt-close-on-time"
"Escrow, Title & Closing – Informational","What happens if escrow doesn’t close on time?",""what happens if escrow doesnt close on time"","Phrase","https://www.zyphe.com/escrow/what-happens-if-escrow-doesnt-close-on-time"
"Escrow, Title & Closing – Informational","What happens if escrow doesn’t close on time?","[what happens if escrow doesn’t close on time california]","Exact","https://www.zyphe.com/escrow/what-happens-if-escrow-doesnt-close-on-time"
"Escrow, Title & Closing – Informational","What happens if escrow doesn’t close on time?",""what happens if escrow doesn’t close on time california"","Phrase","https://www.zyphe.com/escrow/what-happens-if-escrow-doesnt-close-on-time"
"Escrow, Title & Closing – Informational","Who chooses the title company?","[who chooses the title company]","Exact","https://www.zyphe.com/escrow/who-chooses-the-title-company"
"Escrow, Title & Closing – Informational","Who chooses the title company?",""who chooses the title company"","Phrase","https://www.zyphe.com/escrow/who-chooses-the-title-company"
"Escrow, Title & Closing – Informational","Who chooses the title company?","[who chooses the title company california]","Exact","https://www.zyphe.com/escrow/who-chooses-the-title-company"
"Escrow, Title & Closing – Informational","Who chooses the title company?",""who chooses the title company california"","Phrase","https://www.zyphe.com/escrow/who-chooses-the-title-company"
"Escrow, Title & Closing – Informational","What happens if buyer backs out during escrow?","[what happens if buyer backs out during escrow]","Exact","https://www.zyphe.com/escrow/what-happens-if-buyer-backs-out-during-escrow"
"Escrow, Title & Closing – Informational","What happens if buyer backs out during escrow?",""what happens if buyer backs out during escrow"","Phrase","https://www.zyphe.com/escrow/what-happens-if-buyer-backs-out-during-escrow"
"Escrow, Title & Closing – Informational","What happens if buyer backs out during escrow?","[what happens if buyer backs out during escrow california]","Exact","https://www.zyphe.com/escrow/what-happens-if-buyer-backs-out-during-escrow"
"Escrow, Title & Closing – Informational","What happens if buyer backs out during escrow?",""what happens if buyer backs out during escrow california"","Phrase","https://www.zyphe.com/escrow/what-happens-if-buyer-backs-out-during-escrow"
"Escrow, Title & Closing – Informational","What is a final walkthrough?","[what is a final walkthrough]","Exact","https://www.zyphe.com/escrow/what-is-a-final-walkthrough"
"Escrow, Title & Closing – Informational","What is a final walkthrough?",""what is a final walkthrough"","Phrase","https://www.zyphe.com/escrow/what-is-a-final-walkthrough"
"Escrow, Title & Closing – Informational","What is a final walkthrough?","[what is a final walkthrough california]","Exact","https://www.zyphe.com/escrow/what-is-a-final-walkthrough"
"Escrow, Title & Closing – Informational","What is a final walkthrough?",""what is a final walkthrough california"","Phrase","https://www.zyphe.com/escrow/what-is-a-final-walkthrough"
"Escrow, Title & Closing – Informational","Can seller cancel escrow?","[can seller cancel escrow]","Exact","https://www.zyphe.com/escrow/can-seller-cancel-escrow"
"Escrow, Title & Closing – Informational","Can seller cancel escrow?",""can seller cancel escrow"","Phrase","https://www.zyphe.com/escrow/can-seller-cancel-escrow"
"Escrow, Title & Closing – Informational","What happens if appraisal comes in low?","[what happens if appraisal comes in low]","Exact","https://www.zyphe.com/escrow/what-happens-if-appraisal-comes-in-low"
"Escrow, Title & Closing – Informational","What happens if appraisal comes in low?",""what happens if appraisal comes in low"","Phrase","https://www.zyphe.com/escrow/what-happens-if-appraisal-comes-in-low"
"Escrow, Title & Closing – Informational","What happens if appraisal comes in low?","[what happens if appraisal comes in low california]","Exact","https://www.zyphe.com/escrow/what-happens-if-appraisal-comes-in-low"
"Escrow, Title & Closing – Informational","What happens if appraisal comes in low?",""what happens if appraisal comes in low california"","Phrase","https://www.zyphe.com/escrow/what-happens-if-appraisal-comes-in-low"
"Escrow, Title & Closing – Informational","What contingencies protect buyers?","[what contingencies protect buyers]","Exact","https://www.zyphe.com/escrow/what-contingencies-protect-buyers"
"Escrow, Title & Closing – Informational","What contingencies protect buyers?",""what contingencies protect buyers"","Phrase","https://www.zyphe.com/escrow/what-contingencies-protect-buyers"
"Escrow, Title & Closing – Informational","What contingencies protect buyers?","[what contingencies protect buyers california]","Exact","https://www.zyphe.com/escrow/what-contingencies-protect-buyers"
"Escrow, Title & Closing – Informational","What contingencies protect buyers?",""what contingencies protect buyers california"","Phrase","https://www.zyphe.com/escrow/what-contingencies-protect-buyers"
"Escrow, Title & Closing – Informational","What happens after offer acceptance?","[what happens after offer acceptance]","Exact","https://www.zyphe.com/escrow/what-happens-after-offer-acceptance"
"Escrow, Title & Closing – Informational","What happens after offer acceptance?",""what happens after offer acceptance"","Phrase","https://www.zyphe.com/escrow/what-happens-after-offer-acceptance"
"Escrow, Title & Closing – Informational","What happens after offer acceptance?","[what happens after offer acceptance california]","Exact","https://www.zyphe.com/escrow/what-happens-after-offer-acceptance"
"Escrow, Title & Closing – Informational","What happens after offer acceptance?",""what happens after offer acceptance california"","Phrase","https://www.zyphe.com/escrow/what-happens-after-offer-acceptance"
"Escrow, Title & Closing – Informational","Can seller refuse repairs?","[can seller refuse repairs]","Exact","https://www.zyphe.com/escrow/can-seller-refuse-repairs"
"Escrow, Title & Closing – Informational","Can seller refuse repairs?",""can seller refuse repairs"","Phrase","https://www.zyphe.com/escrow/can-seller-refuse-repairs"
"Escrow, Title & Closing – Informational","How escrow instructions work","[how escrow instructions work]","Exact","https://www.zyphe.com/escrow/how-escrow-instructions-work"
"Escrow, Title & Closing – Informational","How escrow instructions work",""how escrow instructions work"","Phrase","https://www.zyphe.com/escrow/how-escrow-instructions-work"
"Escrow, Title & Closing – Informational","How escrow instructions work","[how escrow instructions work california]","Exact","https://www.zyphe.com/escrow/how-escrow-instructions-work"
"Escrow, Title & Closing – Informational","How escrow instructions work",""how escrow instructions work california"","Phrase","https://www.zyphe.com/escrow/how-escrow-instructions-work"
"Escrow, Title & Closing – Informational","What happens at recording?","[what happens at recording]","Exact","https://www.zyphe.com/escrow/what-happens-at-recording"
"Escrow, Title & Closing – Informational","What happens at recording?",""what happens at recording"","Phrase","https://www.zyphe.com/escrow/what-happens-at-recording"
"Escrow, Title & Closing – Informational","What happens at recording?","[what happens at recording california]","Exact","https://www.zyphe.com/escrow/what-happens-at-recording"
"Escrow, Title & Closing – Informational","What happens at recording?",""what happens at recording california"","Phrase","https://www.zyphe.com/escrow/what-happens-at-recording"
"Escrow, Title & Closing – Informational","What happens after closing?","[what happens after closing]","Exact","https://www.zyphe.com/escrow/what-happens-after-closing"
"Escrow, Title & Closing – Informational","What happens after closing?",""what happens after closing"","Phrase","https://www.zyphe.com/escrow/what-happens-after-closing"
"Escrow, Title & Closing – Informational","What happens after closing?","[what happens after closing california]","Exact","https://www.zyphe.com/escrow/what-happens-after-closing"
"Escrow, Title & Closing – Informational","What happens after closing?",""what happens after closing california"","Phrase","https://www.zyphe.com/escrow/what-happens-after-closing"
"Escrow, Title & Closing – Informational","How escrow fees are calculated","[how escrow fees are calculated]","Exact","https://www.zyphe.com/escrow/how-escrow-fees-are-calculated"
"Escrow, Title & Closing – Informational","How escrow fees are calculated",""how escrow fees are calculated"","Phrase","https://www.zyphe.com/escrow/how-escrow-fees-are-calculated"
"Property Taxes & Assessments – Informational","What happens if property taxes go unpaid?","[what happens if property taxes go unpaid]","Exact","https://www.zyphe.com/property-taxes/what-happens-if-property-taxes-go-unpaid"
"Property Taxes & Assessments – Informational","What happens if property taxes go unpaid?",""what happens if property taxes go unpaid"","Phrase","https://www.zyphe.com/property-taxes/what-happens-if-property-taxes-go-unpaid"
"Property Taxes & Assessments – Informational","What happens if property taxes go unpaid?","[what happens if property taxes go unpaid california]","Exact","https://www.zyphe.com/property-taxes/what-happens-if-property-taxes-go-unpaid"
"Property Taxes & Assessments – Informational","What happens if property taxes go unpaid?",""what happens if property taxes go unpaid california"","Phrase","https://www.zyphe.com/property-taxes/what-happens-if-property-taxes-go-unpaid"
"Property Taxes & Assessments – Informational","How long before a tax lien is placed?","[how long before a tax lien is placed]","Exact","https://www.zyphe.com/property-taxes/how-long-before-a-tax-lien-is-placed"
"Property Taxes & Assessments – Informational","How long before a tax lien is placed?",""how long before a tax lien is placed"","Phrase","https://www.zyphe.com/property-taxes/how-long-before-a-tax-lien-is-placed"
"Property Taxes & Assessments – Informational","How long before a tax lien is placed?","[how long before a tax lien is placed california]","Exact","https://www.zyphe.com/property-taxes/how-long-before-a-tax-lien-is-placed"
"Property Taxes & Assessments – Informational","How long before a tax lien is placed?",""how long before a tax lien is placed california"","Phrase","https://www.zyphe.com/property-taxes/how-long-before-a-tax-lien-is-placed"
"Property Taxes & Assessments – Informational","What is a supplemental tax bill in California?","[supplemental tax bill california]","Exact","https://www.zyphe.com/property-taxes/supplemental-tax-bill-california"
"Property Taxes & Assessments – Informational","What is a supplemental tax bill in California?",""supplemental tax bill california"","Phrase","https://www.zyphe.com/property-taxes/supplemental-tax-bill-california"
"Property Taxes & Assessments – Informational","What is a supplemental tax bill in California?","[what is a supplemental tax bill in california]","Exact","https://www.zyphe.com/property-taxes/supplemental-tax-bill-california"
"Property Taxes & Assessments – Informational","What is a supplemental tax bill in California?",""what is a supplemental tax bill in california"","Phrase","https://www.zyphe.com/property-taxes/supplemental-tax-bill-california"
"Property Taxes & Assessments – Informational","Why did my property taxes increase suddenly?","[why did my property taxes increase suddenly]","Exact","https://www.zyphe.com/property-taxes/why-did-my-property-taxes-increase-suddenly"
"Property Taxes & Assessments – Informational","Why did my property taxes increase suddenly?",""why did my property taxes increase suddenly"","Phrase","https://www.zyphe.com/property-taxes/why-did-my-property-taxes-increase-suddenly"
"Property Taxes & Assessments – Informational","Why did my property taxes increase suddenly?","[why did my property taxes increase suddenly california]","Exact","https://www.zyphe.com/property-taxes/why-did-my-property-taxes-increase-suddenly"
"Property Taxes & Assessments – Informational","Why did my property taxes increase suddenly?",""why did my property taxes increase suddenly california"","Phrase","https://www.zyphe.com/property-taxes/why-did-my-property-taxes-increase-suddenly"
"Property Taxes & Assessments – Informational","What triggers reassessment?","[what triggers reassessment]","Exact","https://www.zyphe.com/property-taxes/what-triggers-reassessment"
"Property Taxes & Assessments – Informational","What triggers reassessment?",""what triggers reassessment"","Phrase","https://www.zyphe.com/property-taxes/what-triggers-reassessment"
"Property Taxes & Assessments – Informational","What triggers reassessment?","[what triggers reassessment california]","Exact","https://www.zyphe.com/property-taxes/what-triggers-reassessment"
"Property Taxes & Assessments – Informational","What triggers reassessment?",""what triggers reassessment california"","Phrase","https://www.zyphe.com/property-taxes/what-triggers-reassessment"
"Property Taxes & Assessments – Informational","What happens after filing a tax appeal?","[what happens after filing a tax appeal]","Exact","https://www.zyphe.com/property-taxes/what-happens-after-filing-a-tax-appeal"
"Property Taxes & Assessments – Informational","What happens after filing a tax appeal?",""what happens after filing a tax appeal"","Phrase","https://www.zyphe.com/property-taxes/what-happens-after-filing-a-tax-appeal"
"Property Taxes & Assessments – Informational","What happens after filing a tax appeal?","[what happens after filing a tax appeal california]","Exact","https://www.zyphe.com/property-taxes/what-happens-after-filing-a-tax-appeal"
"Property Taxes & Assessments – Informational","What happens after filing a tax appeal?",""what happens after filing a tax appeal california"","Phrase","https://www.zyphe.com/property-taxes/what-happens-after-filing-a-tax-appeal"
"Property Taxes & Assessments – Informational","Can property taxes be deferred?","[can property taxes be deferred]","Exact","https://www.zyphe.com/property-taxes/can-property-taxes-be-deferred"
"Property Taxes & Assessments – Informational","Can property taxes be deferred?",""can property taxes be deferred"","Phrase","https://www.zyphe.com/property-taxes/can-property-taxes-be-deferred"
"Property Taxes & Assessments – Informational","What is a tax-defaulted property?","[what is a tax defaulted property]","Exact","https://www.zyphe.com/property-taxes/what-is-a-tax-defaulted-property"
"Property Taxes & Assessments – Informational","What is a tax-defaulted property?",""what is a tax defaulted property"","Phrase","https://www.zyphe.com/property-taxes/what-is-a-tax-defaulted-property"
"Property Taxes & Assessments – Informational","What is a tax-defaulted property?","[what is a tax-defaulted property california]","Exact","https://www.zyphe.com/property-taxes/what-is-a-tax-defaulted-property"
"Property Taxes & Assessments – Informational","What is a tax-defaulted property?",""what is a tax-defaulted property california"","Phrase","https://www.zyphe.com/property-taxes/what-is-a-tax-defaulted-property"
"Property Taxes & Assessments – Informational","How property tax penalties work","[how property tax penalties work]","Exact","https://www.zyphe.com/property-taxes/how-property-tax-penalties-work"
"Property Taxes & Assessments – Informational","How property tax penalties work",""how property tax penalties work"","Phrase","https://www.zyphe.com/property-taxes/how-property-tax-penalties-work"
"Property Taxes & Assessments – Informational","How property tax penalties work","[how property tax penalties work california]","Exact","https://www.zyphe.com/property-taxes/how-property-tax-penalties-work"
"Property Taxes & Assessments – Informational","How property tax penalties work",""how property tax penalties work california"","Phrase","https://www.zyphe.com/property-taxes/how-property-tax-penalties-work"
"Property Taxes & Assessments – Informational","How to read a property tax bill","[how to read a property tax bill]","Exact","https://www.zyphe.com/property-taxes/how-to-read-a-property-tax-bill"
"Property Taxes & Assessments – Informational","How to read a property tax bill",""how to read a property tax bill"","Phrase","https://www.zyphe.com/property-taxes/how-to-read-a-property-tax-bill"
"Property Taxes & Assessments – Informational","How to read a property tax bill","[how to read a property tax bill california]","Exact","https://www.zyphe.com/property-taxes/how-to-read-a-property-tax-bill"
"Property Taxes & Assessments – Informational","How to read a property tax bill",""how to read a property tax bill california"","Phrase","https://www.zyphe.com/property-taxes/how-to-read-a-property-tax-bill"
"Property Taxes & Assessments – Informational","What exemptions reduce property taxes?","[what exemptions reduce property taxes]","Exact","https://www.zyphe.com/property-taxes/what-exemptions-reduce-property-taxes"
"Property Taxes & Assessments – Informational","What exemptions reduce property taxes?",""what exemptions reduce property taxes"","Phrase","https://www.zyphe.com/property-taxes/what-exemptions-reduce-property-taxes"
"Property Taxes & Assessments – Informational","What exemptions reduce property taxes?","[what exemptions reduce property taxes california]","Exact","https://www.zyphe.com/property-taxes/what-exemptions-reduce-property-taxes"
"Property Taxes & Assessments – Informational","What exemptions reduce property taxes?",""what exemptions reduce property taxes california"","Phrase","https://www.zyphe.com/property-taxes/what-exemptions-reduce-property-taxes"
"Property Taxes & Assessments – Informational","What happens after tax sale?","[what happens after tax sale]","Exact","https://www.zyphe.com/property-taxes/what-happens-after-tax-sale"
"Property Taxes & Assessments – Informational","What happens after tax sale?",""what happens after tax sale"","Phrase","https://www.zyphe.com/property-taxes/what-happens-after-tax-sale"
"Property Taxes & Assessments – Informational","What happens after tax sale?","[what happens after tax sale california]","Exact","https://www.zyphe.com/property-taxes/what-happens-after-tax-sale"
"Property Taxes & Assessments – Informational","What happens after tax sale?",""what happens after tax sale california"","Phrase","https://www.zyphe.com/property-taxes/what-happens-after-tax-sale"
"Property Taxes & Assessments – Informational","Property tax vs special assessments","[property tax vs special assessments]","Exact","https://www.zyphe.com/property-taxes/property-tax-vs-special-assessments"
"Property Taxes & Assessments – Informational","Property tax vs special assessments",""property tax vs special assessments"","Phrase","https://www.zyphe.com/property-taxes/property-tax-vs-special-assessments"
"Property Taxes & Assessments – Informational","Property tax vs special assessments","[property tax vs special assessments california]","Exact","https://www.zyphe.com/property-taxes/property-tax-vs-special-assessments"
"Property Taxes & Assessments – Informational","Property tax vs special assessments",""property tax vs special assessments california"","Phrase","https://www.zyphe.com/property-taxes/property-tax-vs-special-assessments"
"Property Taxes & Assessments – Informational","How inheritance affects property taxes","[how inheritance affects property taxes]","Exact","https://www.zyphe.com/property-taxes/how-inheritance-affects-property-taxes"
"Property Taxes & Assessments – Informational","How inheritance affects property taxes",""how inheritance affects property taxes"","Phrase","https://www.zyphe.com/property-taxes/how-inheritance-affects-property-taxes"
"Property Taxes & Assessments – Informational","How inheritance affects property taxes","[how inheritance affects property taxes california]","Exact","https://www.zyphe.com/property-taxes/how-inheritance-affects-property-taxes"
"Property Taxes & Assessments – Informational","How inheritance affects property taxes",""how inheritance affects property taxes california"","Phrase","https://www.zyphe.com/property-taxes/how-inheritance-affects-property-taxes"
"Property Taxes & Assessments – Informational","Proposition 13 explained (procedural)","[proposition 13 explained]","Exact","https://www.zyphe.com/property-taxes/proposition-13-explained"
"Property Taxes & Assessments – Informational","Proposition 13 explained (procedural)",""proposition 13 explained"","Phrase","https://www.zyphe.com/property-taxes/proposition-13-explained"
"Property Taxes & Assessments – Informational","Proposition 13 explained (procedural)","[proposition 13 explained (procedural) california]","Exact","https://www.zyphe.com/property-taxes/proposition-13-explained"
"Property Taxes & Assessments – Informational","Proposition 13 explained (procedural)",""proposition 13 explained (procedural) california"","Phrase","https://www.zyphe.com/property-taxes/proposition-13-explained"
"Maintenance, Liability & Disputes – Informational","Who pays for fence repairs between neighbors?","[who pays for fence repairs]","Exact","https://www.zyphe.com/repairs-liability/who-pays-for-fence-repairs"
"Maintenance, Liability & Disputes – Informational","Who pays for fence repairs between neighbors?",""who pays for fence repairs"","Phrase","https://www.zyphe.com/repairs-liability/who-pays-for-fence-repairs"
"Maintenance, Liability & Disputes – Informational","Who pays for fence repairs between neighbors?","[who pays for fence repairs between neighbors california]","Exact","https://www.zyphe.com/repairs-liability/who-pays-for-fence-repairs"
"Maintenance, Liability & Disputes – Informational","Who pays for fence repairs between neighbors?",""who pays for fence repairs between neighbors california"","Phrase","https://www.zyphe.com/repairs-liability/who-pays-for-fence-repairs"
"Maintenance, Liability & Disputes – Informational","Who is responsible for sidewalk injuries?","[homeowner liability sidewalk injuries]","Exact","https://www.zyphe.com/repairs-liability/homeowner-liability-sidewalk-injuries"
"Maintenance, Liability & Disputes – Informational","Who is responsible for sidewalk injuries?",""homeowner liability sidewalk injuries"","Phrase","https://www.zyphe.com/repairs-liability/homeowner-liability-sidewalk-injuries"
"Maintenance, Liability & Disputes – Informational","Who is responsible for sidewalk injuries?","[who is responsible for sidewalk injuries california]","Exact","https://www.zyphe.com/repairs-liability/homeowner-liability-sidewalk-injuries"
"Maintenance, Liability & Disputes – Informational","Who is responsible for sidewalk injuries?",""who is responsible for sidewalk injuries california"","Phrase","https://www.zyphe.com/repairs-liability/homeowner-liability-sidewalk-injuries"
"Maintenance, Liability & Disputes – Informational","Does homeowners insurance cover water leaks?","[does homeowners insurance cover water leaks]","Exact","https://www.zyphe.com/repairs-liability/does-homeowners-insurance-cover-water-leaks"
"Maintenance, Liability & Disputes – Informational","Does homeowners insurance cover water leaks?",""does homeowners insurance cover water leaks"","Phrase","https://www.zyphe.com/repairs-liability/does-homeowners-insurance-cover-water-leaks"
"Maintenance, Liability & Disputes – Informational","Does homeowners insurance cover water leaks?","[does homeowners insurance cover water leaks california]","Exact","https://www.zyphe.com/repairs-liability/does-homeowners-insurance-cover-water-leaks"
"Maintenance, Liability & Disputes – Informational","Does homeowners insurance cover water leaks?",""does homeowners insurance cover water leaks california"","Phrase","https://www.zyphe.com/repairs-liability/does-homeowners-insurance-cover-water-leaks"
"Maintenance, Liability & Disputes – Informational","Who pays for sewer line repairs?","[who pays for sewer line repairs]","Exact","https://www.zyphe.com/repairs-liability/who-pays-for-sewer-line-repairs"
"Maintenance, Liability & Disputes – Informational","Who pays for sewer line repairs?",""who pays for sewer line repairs"","Phrase","https://www.zyphe.com/repairs-liability/who-pays-for-sewer-line-repairs"
"Maintenance, Liability & Disputes – Informational","Who pays for sewer line repairs?","[who pays for sewer line repairs california]","Exact","https://www.zyphe.com/repairs-liability/who-pays-for-sewer-line-repairs"
"Maintenance, Liability & Disputes – Informational","Who pays for sewer line repairs?",""who pays for sewer line repairs california"","Phrase","https://www.zyphe.com/repairs-liability/who-pays-for-sewer-line-repairs"
"Maintenance, Liability & Disputes – Informational","What happens if unpermitted work is discovered?","[ what happens if unpermitted work is discovered]","Exact","https://www.zyphe.com/repairs-liability/ what-happens-if-unpermitted-work-is-discovered"
"Maintenance, Liability & Disputes – Informational","What happens if unpermitted work is discovered?","" what happens if unpermitted work is discovered"","Phrase","https://www.zyphe.com/repairs-liability/ what-happens-if-unpermitted-work-is-discovered"
"Maintenance, Liability & Disputes – Informational","What happens if unpermitted work is discovered?","[what happens if unpermitted work is discovered california]","Exact","https://www.zyphe.com/repairs-liability/ what-happens-if-unpermitted-work-is-discovered"
"Maintenance, Liability & Disputes – Informational","What happens if unpermitted work is discovered?",""what happens if unpermitted work is discovered california"","Phrase","https://www.zyphe.com/repairs-liability/ what-happens-if-unpermitted-work-is-discovered"
"Maintenance, Liability & Disputes – Informational","Who is liable for tree damage?","[who is liable for tree damage]","Exact","https://www.zyphe.com/repairs-liability/who-is-liable-for-tree-damage"
"Maintenance, Liability & Disputes – Informational","Who is liable for tree damage?",""who is liable for tree damage"","Phrase","https://www.zyphe.com/repairs-liability/who-is-liable-for-tree-damage"
"Maintenance, Liability & Disputes – Informational","Who is liable for tree damage?","[who is liable for tree damage california]","Exact","https://www.zyphe.com/repairs-liability/who-is-liable-for-tree-damage"
"Maintenance, Liability & Disputes – Informational","Who is liable for tree damage?",""who is liable for tree damage california"","Phrase","https://www.zyphe.com/repairs-liability/who-is-liable-for-tree-damage"
"Maintenance, Liability & Disputes – Informational","Shared driveway maintenance rules","[shared driveway maintenance rules]","Exact","https://www.zyphe.com/repairs-liability/shared-driveway-maintenance-rules"
"Maintenance, Liability & Disputes – Informational","Shared driveway maintenance rules",""shared driveway maintenance rules"","Phrase","https://www.zyphe.com/repairs-liability/shared-driveway-maintenance-rules"
"Maintenance, Liability & Disputes – Informational","Shared driveway maintenance rules","[shared driveway maintenance rules california]","Exact","https://www.zyphe.com/repairs-liability/shared-driveway-maintenance-rules"
"Maintenance, Liability & Disputes – Informational","Shared driveway maintenance rules",""shared driveway maintenance rules california"","Phrase","https://www.zyphe.com/repairs-liability/shared-driveway-maintenance-rules"
"Maintenance, Liability & Disputes – Informational","What is normal wear and tear?","[what is normal wear and tear]","Exact","https://www.zyphe.com/repairs-liability/what-is-normal-wear-and-tear"
"Maintenance, Liability & Disputes – Informational","What is normal wear and tear?",""what is normal wear and tear"","Phrase","https://www.zyphe.com/repairs-liability/what-is-normal-wear-and-tear"
"Maintenance, Liability & Disputes – Informational","What is normal wear and tear?","[what is normal wear and tear california]","Exact","https://www.zyphe.com/repairs-liability/what-is-normal-wear-and-tear"
"Maintenance, Liability & Disputes – Informational","What is normal wear and tear?",""what is normal wear and tear california"","Phrase","https://www.zyphe.com/repairs-liability/what-is-normal-wear-and-tear"
"Maintenance, Liability & Disputes – Informational","Mold liability between parties","[mold liability between parties]","Exact","https://www.zyphe.com/repairs-liability/mold-liability-between-parties"
"Maintenance, Liability & Disputes – Informational","Mold liability between parties",""mold liability between parties"","Phrase","https://www.zyphe.com/repairs-liability/mold-liability-between-parties"
"Maintenance, Liability & Disputes – Informational","Mold liability between parties","[mold liability between parties california]","Exact","https://www.zyphe.com/repairs-liability/mold-liability-between-parties"
"Maintenance, Liability & Disputes – Informational","Mold liability between parties",""mold liability between parties california"","Phrase","https://www.zyphe.com/repairs-liability/mold-liability-between-parties"
"Maintenance, Liability & Disputes – Informational","What happens if contractor damages property?","[what happens if contractor damages property]","Exact","https://www.zyphe.com/repairs-liability/what-happens-if-contractor-damages-property"
"Maintenance, Liability & Disputes – Informational","What happens if contractor damages property?",""what happens if contractor damages property"","Phrase","https://www.zyphe.com/repairs-liability/what-happens-if-contractor-damages-property"
"Maintenance, Liability & Disputes – Informational","What happens if contractor damages property?","[what happens if contractor damages property california]","Exact","https://www.zyphe.com/repairs-liability/what-happens-if-contractor-damages-property"
"Maintenance, Liability & Disputes – Informational","What happens if contractor damages property?",""what happens if contractor damages property california"","Phrase","https://www.zyphe.com/repairs-liability/what-happens-if-contractor-damages-property"
"Maintenance, Liability & Disputes – Informational","Can homeowner be sued for injuries?","[can homeowner be sued for injuries]","Exact","https://www.zyphe.com/repairs-liability/can-homeowner-be-sued-for-injuries"
"Maintenance, Liability & Disputes – Informational","Can homeowner be sued for injuries?",""can homeowner be sued for injuries"","Phrase","https://www.zyphe.com/repairs-liability/can-homeowner-be-sued-for-injuries"
"Maintenance, Liability & Disputes – Informational","What happens after a code violation notice?","[what happens after a code violation notice]","Exact","https://www.zyphe.com/repairs-liability/what-happens-after-a-code-violation-notice"
"Maintenance, Liability & Disputes – Informational","What happens after a code violation notice?",""what happens after a code violation notice"","Phrase","https://www.zyphe.com/repairs-liability/what-happens-after-a-code-violation-notice"
"Maintenance, Liability & Disputes – Informational","What happens after a code violation notice?","[what happens after a code violation notice california]","Exact","https://www.zyphe.com/repairs-liability/what-happens-after-a-code-violation-notice"
"Maintenance, Liability & Disputes – Informational","What happens after a code violation notice?",""what happens after a code violation notice california"","Phrase","https://www.zyphe.com/repairs-liability/what-happens-after-a-code-violation-notice"
"Maintenance, Liability & Disputes – Informational","How building permits affect resale","[how building permits affect resale]","Exact","https://www.zyphe.com/repairs-liability/how-building-permits-affect-resale"
"Maintenance, Liability & Disputes – Informational","How building permits affect resale",""how building permits affect resale"","Phrase","https://www.zyphe.com/repairs-liability/how-building-permits-affect-resale"
"Maintenance, Liability & Disputes – Informational","How building permits affect resale","[how building permits affect resale california]","Exact","https://www.zyphe.com/repairs-liability/how-building-permits-affect-resale"
"Maintenance, Liability & Disputes – Informational","How building permits affect resale",""how building permits affect resale california"","Phrase","https://www.zyphe.com/repairs-liability/how-building-permits-affect-resale"
"Maintenance, Liability & Disputes – Informational","Boundary disputes explained","[boundary disputes explained]","Exact","https://www.zyphe.com/repairs-liability/boundary-disputes-explained"
"Maintenance, Liability & Disputes – Informational","Boundary disputes explained",""boundary disputes explained"","Phrase","https://www.zyphe.com/repairs-liability/boundary-disputes-explained"
"Maintenance, Liability & Disputes – Informational","Boundary disputes explained","[boundary disputes explained california]","Exact","https://www.zyphe.com/repairs-liability/boundary-disputes-explained"
"Maintenance, Liability & Disputes – Informational","Boundary disputes explained",""boundary disputes explained california"","Phrase","https://www.zyphe.com/repairs-liability/boundary-disputes-explained"
"Maintenance, Liability & Disputes – Informational","Easement disputes explained","[easement disputes explained]","Exact","https://www.zyphe.com/repairs-liability/easement-disputes-explained"
"Maintenance, Liability & Disputes – Informational","Easement disputes explained",""easement disputes explained"","Phrase","https://www.zyphe.com/repairs-liability/easement-disputes-explained"
"Maintenance, Liability & Disputes – Informational","Easement disputes explained","[easement disputes explained california]","Exact","https://www.zyphe.com/repairs-liability/easement-disputes-explained"
"Maintenance, Liability & Disputes – Informational","Easement disputes explained",""easement disputes explained california"","Phrase","https://www.zyphe.com/repairs-liability/easement-disputes-explained"